identifier,canonical_smiles,molecular_weight,alogp,topological_polar_surface_area,rotatable_bond_count,hydrogen_bond_acceptors_lipinski,hydrogen_bond_donors_lipinski,lipinski_rule_of_five_violations,qed_drug_likeliness,np_classifier_superclass,parent_family,pains_alert,DsbA_affinity,Irp3_affinity,row_idx,UMAP1,UMAP2,consensus_score,heavy_atom_count,DsbA_LE,Irp3_LE,consensus_LE
CNP0437535.0,O=C1C(C2=CC=C(Cl)C=C2)=COC2=C3CN(CCN4CCOCC4)COC3=CC=C12,426.9,3.6,55.15,4,6,0,0,0.64,Isoflavonoids,Flavonoids,False,-7.365,-9.235,101248,3.3067386,6.6598554,-8.3,30,0.2455,0.3078333333333333,0.2766666666666666
CNP0134384.1,C=C/C(C)=C\C,82.15,2.14,0.0,1,0,0,0,0.42,Monoterpenoids,Terpenoids,False,-3.62,-3.881,2925,2.30794,3.9962833,-3.7504999999999997,6,0.6033333333333334,0.6468333333333333,0.6250833333333333
CNP0509930.0,N[Co-3](N)(N)([NH3+])([NH3+])[NH3+],158.1,-5.7,160.98,0,3,6,1,0.21,Ornithine alkaloids,Alkaloids,False,-3.458,-3.142,40360,1.9041852,3.7813723,-3.3,7,0.49400000000000005,0.44885714285714284,0.4714285714285714
CNP0187390.0,C1CCC(C23CC(CC4CCCNC42)C2CCCNC2C3)NC1,317.52,2.67,36.09,1,3,3,0,0.7,Lysine alkaloids,Alkaloids,False,-6.204,-9.399,264299,0.6986319,4.4374166,-7.801499999999999,23,0.2697391304347826,0.4086521739130434,0.339195652173913
CNP0160377.0,C1=CC=NC=C1,79.1,1.08,12.89,0,1,0,0,0.45,Nicotinic acid alkaloids,Alkaloids,False,-3.362,-3.802,105346,5.302067,6.0836744,-3.582,6,0.5603333333333333,0.6336666666666667,0.597
CNP0158815.3,COC1=CC(OC)=C([C@H]2C3=C(OC)C(OC)=CC(OC)=C3C=C(C)[C@H]2C)C=C1OC,414.5,4.92,55.38,7,6,0,0,0.64,Lignans,Phenolics,False,-5.57,-7.361,26310,3.274662,7.828249,-6.4655000000000005,30,0.18566666666666667,0.24536666666666665,0.21551666666666666
CNP0334333.0,CSC1=NC(=NC(C)C)NC(=NC(C)C)N1,241.36,1.08,69.19,3,4,2,0,0.78,Pseudoalkaloids,Alkaloids,False,-5.108,-6.075,10627,4.689359,4.844454,-5.5915,16,0.31925,0.3796875,0.34946875
CNP0145202.0,C1N2CN3CN1CN(C2)C3,140.19,-1.02,12.96,0,4,0,0,0.43,Ornithine alkaloids,Alkaloids,False,-3.929,-3.851,150137,1.4326977,4.5819917,-3.8899999999999997,10,0.39289999999999997,0.3851,0.389
CNP0160205.1,CC1(C)C=C[C@@]2(CCC(C)(C)O2)O1,182.26,2.64,18.46,0,2,0,0,0.54,Monoterpenoids,Terpenoids,False,-5.007,-5.923,270144,-0.43220443,5.559,-5.465,13,0.3851538461538461,0.45561538461538464,0.42038461538461536
CNP0598889.1,NN=C(N)/C([S-])=[NH+]/N,133.18,-3.88,104.39,1,4,4,0,0.1,Pseudoalkaloids,Alkaloids,False,-3.912,-4.09,4143,3.637933,4.460104,-4.0009999999999994,8,0.489,0.51125,0.5001249999999999
CNP0588422.1,C1=C/CC2=C[N+](=CC=C2)CCCCCCCCCCC2=C[N+](=CC=C2)CCCCCCC/1,434.71,7.08,7.76,0,0,0,1,0.31,Nicotinic acid alkaloids,Alkaloids,False,-7.889,-9.221,232395,2.5422258,6.2353983,-8.555,32,0.24653125,0.28815625,0.26734375
CNP0581752.1,O=C(N/C=C/C1=CNC2=CC=C(Br)C=C12)C(=O)C1=CNC2=C(O)C=CC=C12,424.25,4.09,97.98,4,3,4,0,0.29,Tryptophan alkaloids,Alkaloids,False,-7.304,-9.056,27503,3.956426,5.1383142,-8.18,27,0.27051851851851855,0.3354074074074074,0.302962962962963
CNP0386869.0,ClC1=C(Cl)C(Cl)=C(C2=C(Cl)C(Cl)=C(Cl)C(Cl)=C2Cl)C(Cl)=C1Cl,498.66,9.89,0.0,1,0,0,1,0.27,Proline alkaloids,Alkaloids,False,-4.941,-7.125,139142,4.510875,6.075654,-6.0329999999999995,22,0.2245909090909091,0.32386363636363635,0.2742272727272727
CNP0475545.0,NC(N)(CO)COCOC(N)(N)CO,210.23,-3.85,163.0,7,8,6,1,0.18,Ornithine alkaloids,Alkaloids,False,-4.011,-4.274,138315,2.4253983,3.4754114,-4.1425,14,0.28650000000000003,0.30528571428571427,0.2958928571428572
CNP0176844.2,CCCC/C=C/C=C/C#CCCC1CCCN1CC,259.44,4.56,3.24,7,1,0,0,0.37,Lysine alkaloids,Alkaloids,False,-5.387,-6.732,47907,1.5614654,4.6269374,-6.0595,19,0.2835263157894737,0.3543157894736842,0.31892105263157894
CNP0609512.0,N=C1N=C2N=C[N+]([O-])=C2C(=O)N1,165.11,-1.56,103.74,0,4,2,0,0.33,Pseudoalkaloids,Alkaloids,False,-5.246,-5.74,127990,4.5945764,4.0734787,-5.493,12,0.4371666666666667,0.47833333333333333,0.45775
CNP0158837.0,CN(N)P(=S)(N(C)N)N(C)N,198.24,-1.37,87.78,3,4,3,0,0.29,Ornithine alkaloids,Alkaloids,False,-4.167,-4.063,42145,1.9533585,3.8587492,-4.115,11,0.3788181818181818,0.36936363636363634,0.37409090909090903
CNP0002681.0,OCC(O)C(O)CC1=CN=C(C(O)C(O)C(O)CO)C=N1,304.3,-3.52,167.39,8,9,7,1,0.26,Tetramate alkaloids,Alkaloids,False,-5.107,-5.873,190054,4.16456,4.560544,-5.49,21,0.2431904761904762,0.2796666666666667,0.26142857142857145
CNP0425271.1,C=C(C(=O)O)[C@H]1C[C@@H]2C(=C)[C@@H](O[C@@H]3O[C@H](CO)[C@@H](O)[C@H](O)[C@H]3O)C[C@H]2C(=C)C[C@@H]1O,426.46,-0.67,156.91,5,8,6,1,0.25,Sesquiterpenoids,Terpenoids,False,-6.857,-8.137,92672,1.4295207,6.4632,-7.497,30,0.22856666666666667,0.2712333333333333,0.2499
CNP0141498.0,OC1=NSC2=C1CCNC2,156.21,0.49,45.15,0,4,2,0,0.57,Lysine alkaloids,Alkaloids,False,-4.511,-4.761,101628,1.3503768,4.06658,-4.636,10,0.4511,0.4761,0.4636
CNP0538535.0,C1=CC2=C3C=CC(=CC4=[O+]C(=C5C=CC(=CC1=[O+]2)O5)C=C4)O3,290.27,-0.29,48.88,0,2,0,0,0.63,Flavonoids,Flavonoids,False,-6.623,-7.754,202881,2.7445092,7.095406,-7.1884999999999994,22,0.30104545454545456,0.3524545454545454,0.32675
CNP0443307.0,NCCC1=CC(N)=C(CCN)C(N)=C1,194.28,-0.15,104.08,4,4,4,0,0.5,Ornithine alkaloids,Alkaloids,False,-4.999,-5.593,29936,3.5470874,4.955367,-5.295999999999999,14,0.35707142857142854,0.3995,0.3782857142857143
CNP0288650.1,S=C(NC1CCCCC1)N[C@H]1CO[C@H]2[C@@H]1OC[C@@H]2N1N=NN=C1OC1=CC=C(N2C=CN=C2)C=C1,496.6,2.16,113.17,6,10,2,0,0.49,Tryptophan alkaloids,Alkaloids,False,-6.825,-9.314,81843,3.0383077,5.6867194,-8.0695,35,0.195,0.2661142857142857,0.23055714285714285
CNP0221455.0,C[Si](C)(C)O[Si](C)(C)O[Si](C)(C)O[Si](C)(C)O[Si](C)(C)C,384.85,4.83,36.92,8,4,0,0,0.56,Pseudoalkaloids,Alkaloids,False,-3.63,-5.127,147001,2.681863,4.422852,-4.3785,21,0.17285714285714285,0.24414285714285713,0.2085
CNP0378121.1,CC1=C2C[C@]34[C@H]5CC[C@@H]6CCC[C@@]63C[C@@H](C)[C@@]2(CC1)[C@]4(C)CC#CC[C@@H]1CCC[C@@]12CN52,429.69,7.12,3.01,0,1,0,1,0.22,Pseudoalkaloids,Alkaloids,False,-7.235,-8.849,92004,0.23832585,6.6926866,-8.042,32,0.22609375,0.27653125,0.2513125
CNP0052569.0,C[N+]1([O-])CCCCC1,115.18,1.11,23.06,0,1,0,0,0.34,Lysine alkaloids,Alkaloids,False,-3.906,-3.977,220507,1.3519652,4.7162313,-3.9415,8,0.48825,0.497125,0.4926875
CNP0335735.0,CC1(C)C2(Cl)C(Cl)C(Cl)C(Cl)(C(Cl)Cl)C1(Cl)C2Cl,413.81,5.6,0.0,1,0,0,1,0.49,Monoterpenoids,Terpenoids,False,-3.802,-6.579,103485,-0.4482433,5.4257536,-5.1905,18,0.21122222222222223,0.3655,0.2883611111111111
CNP0088268.1,CC(C)[C@H]1CC[C@@H](C)C/C=C\[C@H](C)CC1,208.39,5.05,0.0,1,0,0,1,0.53,Sesquiterpenoids,Terpenoids,False,-4.94,-7.151,231603,2.537837,5.395258,-6.0455000000000005,15,0.32933333333333337,0.47673333333333334,0.40303333333333335
CNP0057121.1,C/C(=C\C=C\[C@H](C)/C=C/CC(C)C)[C@H]1[C@@H](O)C=C(CNCCS(=O)(=O)O)C(=O)[C@@H]1O,441.59,2.05,123.93,11,6,4,0,0.17,Diterpenoids,Terpenoids,False,-5.884,-7.774,60383,2.121006,5.888838,-6.829000000000001,30,0.19613333333333335,0.2591333333333333,0.22763333333333335
CNP0028182.0,ClC1=CC=CC2=C1N=C(NC1=NC3=CC=CC=C3O1)S2,301.76,4.83,50.95,2,5,1,0,0.58,Anthranilic acid alkaloids,Alkaloids,False,-6.413,-8.322,10999,4.686285,6.7093415,-7.3675,20,0.32065,0.41609999999999997,0.368375
CNP0540149.1,O=[N+]([O-])C1=CC=C(/N=C(\O)C(Cl)(C(F)(F)F)C(F)(F)F)C([N+](=O)[O-])=C1,395.6,4.19,118.87,4,5,1,0,0.2,Pseudoalkaloids,Alkaloids,False,-5.938,-7.306,15739,4.9234505,6.358672,-6.622,25,0.23751999999999998,0.29224,0.26488
CNP0534663.0,CC1=CC=C2C(C)=[N+](C)C(C)=CN12,175.26,1.69,8.29,0,1,0,0,0.54,Tryptophan alkaloids,Alkaloids,False,-5.177,-5.876,114951,4.2376623,5.9364386,-5.5265,13,0.3982307692307692,0.452,0.4251153846153846
CNP0546316.0,CNC1=NC=NC2=C1N=C[NH+]2C,164.19,-0.66,54.61,1,4,2,0,0.58,Pseudoalkaloids,Alkaloids,False,-4.576,-4.836,103484,4.8418775,4.903124,-4.7059999999999995,12,0.3813333333333333,0.403,0.39216666666666666
CNP0460991.0,CSCCCNCCNCCCSC,236.45,1.67,24.06,11,4,2,0,0.53,Ornithine alkaloids,Alkaloids,False,-3.41,-4.183,191401,2.6993334,3.490186,-3.7965,14,0.24357142857142858,0.29878571428571427,0.27117857142857144
CNP0266277.0,CN1C(=O)C2=C(N(C)C1=O)N(C)C(=O)N2C,224.22,-1.73,70.93,0,7,0,0,0.53,Pseudoalkaloids,Alkaloids,False,-4.965,-5.81,42828,4.4018216,4.345145,-5.387499999999999,16,0.3103125,0.363125,0.33671874999999996
CNP0329726.1,C1=CC[C@@H]2CC3=C4C(=C5OCOC5=CC4=CCN3)C2=C1,265.31,1.27,30.49,0,3,1,0,0.77,Tyrosine alkaloids,Alkaloids,False,-7.075,-8.579,247117,1.8987627,7.8176904,-7.827,20,0.35375,0.42895000000000005,0.39135000000000003
CNP0307334.0,CC(C)NP(=O)(NC(C)C)OP(=O)(NC(C)C)NC(C)C,342.36,3.21,91.49,10,3,4,0,0.45,Pseudoalkaloids,Alkaloids,False,-4.562,-5.83,86939,3.1172366,4.084013,-5.196,21,0.21723809523809526,0.2776190476190476,0.24742857142857144
CNP0244600.0,N#CCCNC(=S)CCNC(=S)C1=CC=C(O)C=C1,293.42,1.88,68.08,6,4,3,0,0.55,Ornithine alkaloids,Alkaloids,False,-4.862,-5.846,132439,3.7803588,4.8514166,-5.354,19,0.2558947368421053,0.3076842105263158,0.28178947368421053
CNP0242638.1,CC(=O)O/C=C/C(=C/OC(C)=O)CC/C=C(/CC/C=C(\C)CCC=C(C)C)COC(C)=O,446.58,6.25,78.9,14,6,0,1,0.1,Diterpenoids,Terpenoids,False,-5.04,-7.012,134030,1.5723094,5.755761,-6.026,32,0.1575,0.219125,0.1883125
CNP0496599.1,CC[C@@]12COCC1=C(C)C(=O)C1(O)[C@]3(C)C(=O)[C@@](O)(CC(C)=O)C(=O)C(C)=C3CO[C@]12O,448.47,-0.05,147.43,3,9,3,0,0.51,Sesquiterpenoids,Terpenoids,False,-5.842,-7.684,94865,0.8804235,7.0376153,-6.763,32,0.1825625,0.240125,0.21134375
CNP0061244.0,N=C(N)NC(=N)N1CCSCC1,187.27,-0.55,88.99,0,3,4,0,0.3,Lysine alkaloids,Alkaloids,False,-4.705,-6.014,33742,2.1759388,4.4632382,-5.359500000000001,12,0.39208333333333334,0.5011666666666666,0.446625
CNP0557472.3,C/C=C1\C[N@@+]2(C)CC[C@]34C(=C(/C=N/NC5=CC=CC=C5)C1C[C@@H]32)NC1=CC=CC=C14,397.55,4.9,36.42,3,3,2,0,0.33,Tryptophan alkaloids,Alkaloids,False,-7.401,-10.19,37435,4.2037687,7.6415315,-8.7955,30,0.2467,0.3396666666666667,0.29318333333333335
CNP0531965.1,CCC1=C(C)C2=NC1=CC1=C(C)C3=C4/C(=C5/C=C(C)C(=N5)C=C5C(C)=C(CC)/C(=C/2)N5[Ni]N14)CC3,505.29,4.95,34.58,2,4,0,1,0.52,Tryptophan alkaloids,Alkaloids,False,-7.886,-8.859,107201,2.4281917,5.7213583,-8.3725,35,0.22531428571428572,0.25311428571428574,0.2392142857142857
CNP0077273.0,C=C1C=NN2C(=C)ON=C12,135.13,-0.86,43.33,0,4,0,0,0.47,Pseudoalkaloids,Alkaloids,False,-4.61,-4.914,136076,5.4755282,4.911584,-4.7620000000000005,10,0.461,0.49139999999999995,0.47619999999999996
CNP0452034.0,O=S(=O)(O)OOS(=O)(=O)O,194.14,-1.46,127.2,3,6,2,0,0.32,Isoflavonoids,Flavonoids,False,-4.405,-4.515,180571,3.5589838,4.030922,-4.46,10,0.4405,0.45149999999999996,0.44599999999999995
CNP0346415.1,C=C(C)O[C@H]1CC[C@]2(C)[C@@H]3CC[C@@]4(C)[C@H](CC[C@@]5(C)CC[C@H](C(=C)C)[C@H]54)[C@H]3CC[C@@H]2C1(C)C,452.77,9.19,9.23,3,1,0,1,0.31,Triterpenoids,Terpenoids,False,-6.741,-9.121,232643,-0.68632185,6.3044624,-7.931,33,0.20427272727272727,0.2763939393939394,0.24033333333333334
CNP0305594.0,C1=CC2=C(N1)C1=C(C=CN1)SS2,194.28,3.12,31.58,0,2,2,0,0.63,Proline alkaloids,Alkaloids,False,-4.773,-5.368,71106,4.9022503,5.7343044,-5.0705,12,0.39775,0.44733333333333336,0.4225416666666667
CNP0526610.1,N#CC1=CC=C2C(=C1)CN(S(=O)(=O)C1=CC=CS1)[C@H](CC1=CC=CC=C1)CN2CC1=CN=CN1,489.63,4.17,93.09,6,6,1,0,0.44,Histidine alkaloids,Alkaloids,False,-6.677,-8.39,163329,3.503997,6.2719793,-7.5335,34,0.19638235294117645,0.24676470588235297,0.22157352941176472
CNP0333786.1,O[C@H]1C=C[C@H](O)[C@]2(C#CC3CO3)O[C@H]12,194.19,-1.18,65.52,0,4,2,0,0.29,Meroterpenoids,Terpenoids,False,-5.011,-5.87,102924,0.7811435,5.60265,-5.4405,14,0.35792857142857143,0.4192857142857143,0.3886071428571429
CNP0508687.2,C[C@@H]1[C@@H](C)[C@@H]2S[C@H]1[S@@+]2[O-],162.28,1.42,23.06,0,2,0,0,0.5,Monoterpenoids,Terpenoids,False,-4.242,-4.549,43101,0.9828706,4.2690783,-4.3955,9,0.4713333333333333,0.5054444444444445,0.4883888888888889
CNP0429432.1,C=C[C@@H](OC/C=C/C1=CC=CC=C1)C1=CC=CC=C1,250.34,4.64,9.23,6,1,0,0,0.68,Phenylpropanoids (C6-C3),Phenolics,False,-6.166,-7.689,58420,4.637028,6.888934,-6.9275,19,0.3245263157894737,0.4046842105263158,0.36460526315789477
CNP0285914.3,CC(Cl)(/C=C/C(Cl)C(C)(Cl)/C=C/Br)C(Br)Br,478.28,6.17,0.0,5,0,0,1,0.33,Monoterpenoids,Terpenoids,False,-4.262,-5.813,72695,2.1794472,4.0941043,-5.0375,16,0.266375,0.3633125,0.31484375
CNP0536076.1,NC1=CC=C(N2C[C@H]3C[C@@H](C2)C2=CC=CC(=O)N2C3)[NH+]=C1,283.35,0.87,65.4,1,4,1,0,0.84,Lysine alkaloids,Alkaloids,False,-6.736,-8.5,224693,2.7869866,6.32394,-7.618,21,0.32076190476190475,0.40476190476190477,0.36276190476190473
CNP0540798.0,CN(C)CC1=CC=C([O-])C(C2=CC=C(C(C)(C)C)C=C2)=[NH+]1,284.4,2.6,40.44,3,2,0,0,0.87,Tyrosine alkaloids,Alkaloids,False,-6.466,-7.567,228974,4.881399,5.736354,-7.016500000000001,21,0.3079047619047619,0.36033333333333334,0.33411904761904765
CNP0563483.0,O=S1(=O)CCN(CN2CCS(=O)(=O)NC2)CN1,284.36,-2.67,98.82,2,6,2,0,0.57,Lysine alkaloids,Alkaloids,False,-5.402,-6.316,119098,1.2671093,4.9980783,-5.859,17,0.31776470588235295,0.3715294117647059,0.3446470588235294
CNP0247000.1,CC(C)(O)CCC[C@@]1(C)C=CC2=C(O1)C(O)=C(CCC(C)(C)O)C1=C2OC(C2=CC(O)=CC(O)=C2)=C1,496.6,6.03,123.52,8,7,5,1,0.26,Isoflavonoids,Flavonoids,False,-6.742,-8.757,120574,2.4047487,7.2293305,-7.749499999999999,36,0.18727777777777777,0.24325,0.21526388888888887
CNP0117886.0,C1CC2CC3CC1N2CO3,139.2,0.97,12.47,0,2,0,0,0.5,Lysine alkaloids,Alkaloids,False,-4.631,-4.819,205857,0.75520796,4.8771377,-4.725,10,0.4631,0.4819,0.47250000000000003
CNP0263318.2,OC[C@@]12C[C@@H]3C[C@@H](C[C@@](Br)(C3)C1)C2,245.16,2.71,20.23,1,1,1,0,0.7,Sesquiterpenoids,Terpenoids,False,-5.811,-6.369,174362,-0.022518383,5.3437605,-6.09,13,0.447,0.4899230769230769,0.4684615384615385
CNP0381361.0,CC1=NC2=NC(N)=NC(N)=C2N=C1C,190.21,0.2,103.6,0,6,2,0,0.61,Peptide alkaloids,Alkaloids,False,-5.721,-5.91,17863,4.6978464,4.72102,-5.8155,14,0.40864285714285714,0.42214285714285715,0.4153928571428571
CNP0134961.0,COC1=CC2=C3C(=NC=C(C4=CN=C5C6=C(C=C(OC)C5(OC)OC)C=CN=C46)C3=NC=C2)C1=O,468.47,3.87,105.55,5,9,0,0,0.4,Tyrosine alkaloids,Alkaloids,False,-7.579,-9.168,210050,4.9263897,5.8963447,-8.3735,35,0.21654285714285715,0.26194285714285714,0.23924285714285715
CNP0127612.1,C[C@@H]1N[C@@H]2N[C@H](C)C[C@@H]3N[C@H](C)C[C@H](N1)[C@@H]23,224.35,-0.03,48.12,0,4,4,0,0.47,Pseudoalkaloids,Alkaloids,False,-5.807,-7.172,190701,0.63765526,4.354259,-6.4895,16,0.3629375,0.44825,0.40559375
CNP0573506.1,[C-]#[N+]C(C)(C)C[C@@H]1C[C@H](C)[C@H]2CC[C@H](C)[C@@]3([N+]#[C-])CC=C(C)[C@@H]1[C@H]23,324.51,6.02,8.72,2,0,0,1,0.43,Diterpenoids,Terpenoids,False,-5.009,-8.075,110532,-0.16370198,6.039494,-6.542,24,0.20870833333333336,0.3364583333333333,0.27258333333333334
CNP0514329.0,CC1=CC=CC(N2CCCC2=NC2=C3C=CC=CC3=[N+]C(N(C)C)=C2)=C1,344.46,2.17,32.94,3,3,0,0,0.85,Tryptophan alkaloids,Alkaloids,False,-6.887,-8.863,154490,3.906647,6.075176,-7.875,26,0.2648846153846154,0.34088461538461534,0.30288461538461536
CNP0373030.1,C=C1C[C@@]23COC(=O)C2=CCC[C@@H]3C[C@@]12C[C@@H](C1=COC=C1)OC2=O,340.38,3.48,65.74,1,5,0,0,0.58,Diterpenoids,Terpenoids,False,-6.599,-9.494,246256,1.3858182,6.8048306,-8.0465,25,0.26396000000000003,0.37976,0.32186000000000003
CNP0574256.1,C1=C[C@@H]2[C@H](N=C1)[C@H]1CC[C@@H]2[N+]2=C1C1=C(C=C2)C2=CC=CC=C2[N-]1,299.38,3.3,30.34,0,1,0,0,0.59,Tryptophan alkaloids,Alkaloids,False,-6.85,-9.494,200441,4.8585405,6.8729725,-8.172,23,0.29782608695652174,0.41278260869565214,0.35530434782608694
CNP0411181.1,C/C=C/C=C/C1=NCCCC1,149.24,2.74,12.36,2,1,0,0,0.54,Lysine alkaloids,Alkaloids,False,-5.008,-5.419,198020,2.1644313,5.1932473,-5.2135,11,0.4552727272727273,0.4926363636363636,0.4739545454545454
CNP0250917.1,COC1=C(OC)C(O)=C2C3=C4C(=C[C@@H](OC)[C@H]3OC)CCN(C)[C@H]4CC[C@H]2C1,389.49,3.09,60.39,4,6,1,0,0.8,Tyrosine alkaloids,Alkaloids,False,-5.362,-7.346,152335,1.922892,7.7341943,-6.354,28,0.1915,0.26235714285714284,0.22692857142857142
CNP0376192.1,N=C1N[C@H]2[C@H](COC(N)=O)NC(=N)N3CC(O)(O)C(O)(O)[C@]23N1,331.29,-5.14,220.27,2,8,10,1,0.22,Guanidine alkaloids,Alkaloids,False,-5.427,-7.566,174902,3.653258,3.8001108,-6.496499999999999,23,0.23595652173913043,0.3289565217391304,0.28245652173913044
CNP0176699.0,CC1=C(C)C(C(=O)O)=C(O)C(C)=C1O,196.2,1.72,77.76,1,3,3,0,0.64,Phenolic acids (C6-C1),Phenolics,False,-5.531,-6.222,267316,0.7324516,6.165312,-5.8765,14,0.3950714285714286,0.44442857142857145,0.41975
CNP0499736.1,C1=C/C2=C/C3=CC=C(CC4=CC=C(/C=C5/C=CC(=CC1=N2)N5)N4)N3,312.38,2.24,59.73,0,1,3,0,0.57,Tryptophan alkaloids,Alkaloids,False,-7.466,-8.403,56893,4.997081,5.3226123,-7.9345,24,0.3110833333333333,0.350125,0.3306041666666667
CNP0009483.0,O=C1NC(NCCO)=C(I)C(=O)N1,297.05,-0.93,97.98,3,4,4,0,0.54,Pseudoalkaloids,Alkaloids,False,-4.673,-5.479,248721,4.079075,4.499119,-5.0760000000000005,13,0.35946153846153844,0.42146153846153844,0.3904615384615384
CNP0216738.1,C[C@@H]1C(=O)O[C@H]2[C@@H]1O[C@]13O[C@@]4(CC[C@]5(C)C(=O)[C@@H](C)[C@H]2[C@H]15)C[C@]12OC(=O)C[C@H]1OC(C)(C)[C@@H]2C[C@@H]1O[C@@]14C3=O,542.58,1.64,126.96,0,10,0,1,0.33,Triterpenoids,Terpenoids,False,-8.004,-10.15,47517,-0.11317439,7.28176,-9.077,39,0.20523076923076922,0.2602564102564103,0.23274358974358975
CNP0298393.1,CC1=CC=C(C2=NOC([C@@H]3CC4=C(CN3)NC=N4)=N2)C=C1,281.32,2.16,79.63,2,5,2,0,0.75,Histidine alkaloids,Alkaloids,False,-6.852,-8.334,38201,4.7347417,5.8447714,-7.593,21,0.3262857142857143,0.39685714285714285,0.36157142857142854
CNP0265883.0,O=CN1C=CC=C1,95.1,0.53,22.0,1,2,0,0,0.47,Nicotinic acid alkaloids,Alkaloids,False,-3.686,-3.902,17361,4.1275773,5.110495,-3.794,7,0.5265714285714286,0.5574285714285715,0.542
CNP0107867.1,CC1=C(/C=C2\OC3=CC(OS(=O)(=O)C4=CC=C(F)C=C4)=CC=C3C2=O)SC=C1,416.45,4.58,69.67,4,6,0,0,0.46,Flavonoids,Flavonoids,False,-7.262,-9.245,24722,4.2515664,7.050474,-8.253499999999999,28,0.25935714285714284,0.3301785714285714,0.29476785714285714
CNP0046877.0,CC(C)(O)C#CC(C)(C)O,142.2,0.53,40.46,0,2,2,0,0.48,Monoterpenoids,Terpenoids,False,-4.631,-4.623,54648,2.4260554,3.6124263,-4.627000000000001,10,0.4631,0.46230000000000004,0.4627
CNP0351754.1,CN[C@@H]1[C@H]2[C@@H]3CC[N@@+]2(C=O)C[C@H]1O3,183.23,-0.9,38.33,2,3,1,0,0.45,Ornithine alkaloids,Alkaloids,False,-4.592,-4.958,56994,0.9466252,6.170768,-4.775,13,0.3532307692307692,0.3813846153846154,0.3673076923076923
CNP0572203.0,CCCCC1(CCCC)C(=O)NC(=O)[NH+]=C1N,240.33,0.04,86.16,6,3,3,0,0.61,Histidine alkaloids,Alkaloids,False,-4.778,-5.991,197548,3.0018346,4.2412605,-5.384499999999999,17,0.28105882352941175,0.3524117647058823,0.316735294117647
CNP0608967.0,O=P1(O)OCC=C(C2=CN=C3N=C(O)N=C(O)C3=N2)O1,298.15,0.32,147.78,1,9,3,0,0.63,Pseudoalkaloids,Alkaloids,False,-6.153,-7.116,227234,4.5560265,4.4761653,-6.634499999999999,20,0.30765,0.3558,0.331725
CNP0450582.1,CS/C(=N\OC(=O)N(C)/C=C1\C=NC=N1)C(=O)N(C)C,297.34,0.77,86.93,2,7,0,0,0.33,Peptide alkaloids,Alkaloids,False,-4.971,-6.138,247414,3.578186,4.4575806,-5.5545,20,0.24855,0.3069,0.277725
CNP0307339.0,CC1=CC(C)(C)NC2=CC=C(CC3=CC=C4N=C(C)C=C(C)C4=C3)C=C12,342.49,6.05,24.92,2,2,1,1,0.61,Tryptophan alkaloids,Alkaloids,False,-8.124,-10.46,32588,4.0464444,5.6245704,-9.292000000000002,26,0.31246153846153846,0.40230769230769237,0.3573846153846154
CNP0294301.1,C[C@]12C[C@@H]3OC(O1)[C@@H]1[C@]4(CC5[C@@H]6[C@@]7(C)C[C@H](O)C[C@]61[C@@H]([C@@H]34)N5C7)C2,329.44,1.76,41.93,0,4,1,0,0.74,Pseudoalkaloids,Alkaloids,False,-6.156,-8.634,1225,-0.6318572,6.210205,-7.395,24,0.2565,0.35975,0.308125
CNP0328076.0,N#CC1=CC(Br)=C(Br)N1,249.89,2.41,39.58,0,1,1,0,0.75,Proline alkaloids,Alkaloids,False,-4.002,-4.329,249941,4.39119,5.3663244,-4.1655,9,0.44466666666666665,0.481,0.4628333333333333
CNP0510172.1,C=CC(C)(C)C1=C(C[C@@H]2N=C(O)[C@H](C)N=C2O)C2=C(CC=C(C)C)C(CC=C(C)C)=CC=C2N1,461.65,6.88,80.97,8,2,3,1,0.37,Peptide alkaloids,Alkaloids,False,-6.823,-8.358,189036,3.0145423,5.684131,-7.5905000000000005,34,0.20067647058823532,0.24582352941176472,0.22325
CNP0471652.0,C1CNCCNCC(OC2CNCCNCCCNCCNC2)CNCCNC1,414.64,-2.74,105.47,2,9,8,1,0.24,Ornithine alkaloids,Alkaloids,False,-6.719,-8.204,262337,1.4568783,4.3529353,-7.461500000000001,29,0.2316896551724138,0.28289655172413797,0.2572931034482759
CNP0537224.1,N[C@H](COC1=CN=CC(C2=NCC3=NN=CC3=C2)=C1)CC1=C2C=CCC=C2N=C1,384.44,2.57,97.58,6,7,1,0,0.82,Nicotinic acid alkaloids,Alkaloids,False,-6.655,-9.155,222143,3.2709215,5.8749332,-7.904999999999999,29,0.22948275862068968,0.31568965517241376,0.2725862068965517
CNP0197220.1,CC1=CC[C@H](C(C)C)[C@H]2/C=C(/C)[C@@]3(O)C=C[C@](C)(O3)[C@@H](OC(=O)/C=C/C3=CN(C)C=N3)C[C@@H]12,452.6,4.58,73.58,4,6,1,0,0.41,Diterpenoids,Terpenoids,False,-6.383,-8.472,178457,0.73343694,7.2221246,-7.4275,33,0.19342424242424242,0.2567272727272727,0.22507575757575754
CNP0261723.0,CC1=CCC(=C(C)C)C=C2C(CO)=CC=C12,214.31,3.46,20.23,1,1,1,0,0.71,Sesquiterpenoids,Terpenoids,False,-6.369,-7.669,135283,1.1248474,5.8851995,-7.019,16,0.3980625,0.4793125,0.4386875
CNP0528286.0,C1=NC(=NCC2=CC=CO2)C2N=CN=C2N1,215.22,0.62,74.61,2,5,1,0,0.78,Pseudoalkaloids,Alkaloids,False,-5.449,-6.402,30007,5.282159,5.5877934,-5.9254999999999995,16,0.3405625,0.400125,0.37034374999999997
CNP0174667.1,C[C@H](O)[C@H]1N[C@H](CO)[C@@H](O)[C@@H]1O,177.2,-2.58,92.95,2,5,5,0,0.32,Ornithine alkaloids,Alkaloids,False,-4.579,-5.175,114603,1.0037793,4.482811,-4.877,12,0.38158333333333333,0.43124999999999997,0.40641666666666665
CNP0280113.1,CS[C@@]12CC3=CC=C[C@H](O)[C@H]3N1C(=O)[C@@]13C[C@H]4C(=O)C[C@@H](SS1)[C@H](O)[C@H]4N3C2=O,452.58,0.53,98.15,1,8,2,0,0.56,Peptide alkaloids,Alkaloids,False,-6.217,-8.533,83061,0.83460295,7.2108164,-7.375,29,0.21437931034482757,0.29424137931034483,0.2543103448275862
CNP0515594.1,CN/C1=N/CC#C[C@@H]2C[C@@H](C)[C@@]34C[C@](O)(CO[C@H]5CCC[C@@H](NC)C5)C(C(=O)[O-])=C3C[C@@H]2[C@@]42C[N+]1=CC[C@@H]2CNCCO,595.79,-0.36,141.28,9,9,5,1,0.14,Pseudoalkaloids,Alkaloids,False,-6.522,-7.75,9963,-0.074716866,6.9414515,-7.136,43,0.15167441860465117,0.18023255813953487,0.165953488372093
CNP0301074.1,O=C(O)CC1=CC2=CC3=C(C=C2O1)OC/C(=C/Cl)C=C3,290.7,3.59,59.67,2,3,1,0,0.92,Chromanes,Phenolics,False,-6.317,-7.878,58268,2.6538775,7.061618,-7.0975,20,0.31585,0.39390000000000003,0.35487500000000005
CNP0253568.1,CCC[C@@H]1[C@]2(CC[C@@]3(C)[C@@H]([C@H](C)N(C)C)[C@H](O)C[C@@]13C)C[C@@]21CC[C@H](N)C(C)(C)C1,418.71,5.45,49.49,4,3,2,1,0.64,Pseudoalkaloids,Alkaloids,False,-5.53,-7.687,8172,-0.46786788,6.283456,-6.6085,30,0.18433333333333335,0.25623333333333337,0.22028333333333336
CNP0443182.1,CS(=O)(=O)N1CCN(C(=O)C2CCCCC2)[C@@H](C(=O)N[C@@H](CC2CCCCC2)C(N)=O)C1,470.64,0.98,129.88,7,5,2,0,0.57,Lysine alkaloids,Alkaloids,False,-6.207,-8.488,141891,2.3566804,5.051478,-7.3475,32,0.19396875,0.26525,0.229609375
CNP0342437.0,N=CC1=NC2=CONC2=C1,135.13,1.11,65.67,1,3,2,0,0.57,Nicotinic acid alkaloids,Alkaloids,False,-4.741,-4.888,72093,5.3255954,5.022196,-4.8145,10,0.47409999999999997,0.4888,0.48145
CNP0196399.0,CC1=C2N=C3C(=O)N=C(N)N=C3NCC2C2(C)CNC3=C(C(=O)NN=N3)N12,368.36,-1.69,166.11,0,10,4,0,0.42,Pseudoalkaloids,Alkaloids,False,-7.223,-9.007,47802,4.276855,4.090323,-8.115,27,0.2675185185185185,0.3335925925925926,0.3005555555555556
CNP0086772.0,O=C1CCC(=O)N2CCCCCNC(=O)CCC(=O)N3CCCCCNC(=O)CCC(=O)N(CCCCCN1)O[Fe](O2)O3,653.54,0.87,175.92,0,9,3,1,0.32,Lysine alkaloids,Alkaloids,False,-7.962,-8.236,251699,2.6980355,5.7672853,-8.099,43,0.1851627906976744,0.19153488372093025,0.18834883720930234
CNP0430980.0,COC1=CC=C(C2(C3=C(C4=CC=C(O)C=C4)NC(N)=N3)N=C3N=CC=C4C5=CC=CC=C5N=C2N43)C=C1,487.52,4.46,124.48,4,8,3,0,0.39,Histidine alkaloids,Alkaloids,False,-6.808,-10.52,89573,3.9016254,7.6186957,-8.664,37,0.184,0.2843243243243243,0.23416216216216215
CNP0403214.0,CCNC1=NC(Cl)=NC(N(N=O)C(C)(C)C#N)=N1,269.7,1.75,107.16,5,7,1,0,0.64,Pseudoalkaloids,Alkaloids,False,-5.157,-6.414,219990,4.12366,4.695407,-5.7855,18,0.2865,0.35633333333333334,0.3214166666666667
CNP0553236.0,C=C(C)CCC1(N)N=CN=C2N=CN=C21,203.25,0.92,75.46,3,5,1,0,0.68,Pseudoalkaloids,Alkaloids,False,-5.052,-6.335,214755,2.339105,4.3258743,-5.6935,15,0.3368,0.42233333333333334,0.37956666666666666
CNP0202144.1,C=C[C@H]1SC=CCS1,144.26,2.49,0.0,1,2,0,0,0.52,Monoterpenoids,Terpenoids,False,-3.538,-3.804,157240,1.7604375,6.224494,-3.671,8,0.44225,0.4755,0.458875
CNP0603459.1,C[C@H]1[C@H](C)C[CH][C@@]2(C=O)C[CH][C@@]3(C)C(=C[CH][C@H]4[C@@]5(C)C[CH][C@H](O)C(C)(C)[C@@H]5[CH]C[C@]43C)[C@H]12,435.67,6.27,37.3,1,2,1,1,0.49,Triterpenoids,Terpenoids,False,-7.029,-8.512,218067,0.02656648,6.2959847,-7.7705,32,0.21965625,0.266,0.242828125
CNP0483698.0,CCCON1C=C(C(O)C(=O)CC2=CC=NC=C2Cl)C2=CC=CC=C21,358.83,3.37,64.35,7,5,1,0,0.7,Tryptophan alkaloids,Alkaloids,False,-5.839,-7.717,141325,4.5895476,7.2520394,-6.7780000000000005,25,0.23356000000000002,0.30868,0.27112
CNP0251225.3,CC1=C2CC/C(C)=C/CC/C(C)=C\CC/C(C)=C/[C@@H]2OC1,286.46,5.89,9.23,0,1,0,1,0.5,Diterpenoids,Terpenoids,False,-5.054,-7.909,28589,0.62206674,5.733388,-6.4815000000000005,21,0.24066666666666667,0.37661904761904763,0.30864285714285716
CNP0406191.0,ClC1=CC=C(OC2=CC(Cl)=C(Cl)C=C2Cl)C(Cl)=C1,342.44,6.75,9.23,2,1,0,1,0.55,Proline alkaloids,Alkaloids,False,-6.398,-7.143,52539,4.432407,6.220183,-6.7705,18,0.35544444444444445,0.3968333333333333,0.3761388888888889
CNP0085979.0,C1=CC=C2C(=C1)CC1OC3=CC=CC=C3C2O1,224.26,3.07,18.46,0,2,0,0,0.68,Isoflavonoids,Flavonoids,False,-7.008,-7.954,63734,3.0052738,6.69161,-7.481,17,0.41223529411764703,0.46788235294117647,0.4400588235294117
CNP0389920.1,CC[C@H](C)[C@H]1NC(C)(C)NC(=O)[C@@H](CC2=CNC3=CC(I)=CC(I)=C23)NC1=O,608.26,3.27,86.02,4,3,4,1,0.4,Peptide alkaloids,Alkaloids,False,-6.353,-9.358,66947,2.8867226,5.1758533,-7.8555,28,0.22689285714285715,0.33421428571428574,0.28055357142857146
CNP0458406.0,CC1=NN(C)C(S)=NC(=S)C1,187.29,1.31,27.96,0,3,1,0,0.46,Pseudoalkaloids,Alkaloids,False,-4.618,-4.613,108345,3.148174,4.4638,-4.615500000000001,11,0.41981818181818187,0.4193636363636364,0.4195909090909091
CNP0112980.1,C#C/C=C\[C@@H]1[C@@H](O)CCC[C@]12CCC[C@@H](CC=C)N2,259.39,2.79,32.26,3,2,2,0,0.6,Lysine alkaloids,Alkaloids,False,-4.637,-7.115,240782,0.25801516,4.7144346,-5.8759999999999994,19,0.24405263157894735,0.37447368421052635,0.30926315789473685
CNP0541829.0,O=S(=O)([O-])CC[N+]1=CC=CC=C1,187.22,-0.48,61.08,3,3,0,0,0.47,Nicotinic acid alkaloids,Alkaloids,False,-4.47,-5.338,246128,5.081443,6.4488897,-4.904,12,0.3725,0.44483333333333336,0.4086666666666667
CNP0258688.0,C=C1CCC(=C)C(=C)C1,120.19,2.84,0.0,0,0,0,0,0.43,Sesquiterpenoids,Terpenoids,False,-4.748,-5.286,267164,0.7031713,5.529203,-5.0169999999999995,9,0.5275555555555556,0.5873333333333333,0.5574444444444444
CNP0163421.0,CN1C=CC2=CC=C(C(=O)NC3=CC=C(C(N)=O)C=C3)C=C21,293.33,2.53,77.12,3,3,2,0,0.78,Anthranilic acid alkaloids,Alkaloids,False,-7.352,-8.405,203033,3.92187,4.7721577,-7.8785,22,0.3341818181818182,0.3820454545454545,0.35811363636363636
CNP0412799.1,O=C1CCC2=C1C(=O)OC1=C3C(=CC(O)=C21)O[C@H]1OC=C[C@@H]31,298.25,1.97,85.97,0,6,1,0,0.75,Chromanes,Phenolics,False,-6.835,-8.924,51846,2.238198,7.4158764,-7.8795,22,0.31068181818181817,0.40563636363636363,0.3581590909090909
CNP0292683.0,O=CC1=CC=C(CCC2=CC=C(OCC3=NCCS3)N=N2)C=C1,327.41,2.6,64.44,7,6,0,0,0.73,Nicotinic acid alkaloids,Alkaloids,False,-6.404,-7.839,137838,1.9231408,6.954019,-7.1215,23,0.27843478260869564,0.3408260869565218,0.3096304347826087
CNP0075914.1,O=C([O-])/C=C1/C[C@H]2[C@@H]3C4=CC(=O)O[C@@]45C[C@@H]([C@@H]3[N@@+]34CCC[C@@H]3[C@]1(O)C[C@@H]24)N1CCC[C@@H]15,424.5,-0.36,89.9,1,6,1,0,0.35,Lysine alkaloids,Alkaloids,False,-6.237,-9.09,87831,0.4701002,6.97723,-7.6635,31,0.20119354838709677,0.2932258064516129,0.24720967741935485
CNP0445227.0,CN(C)C1=NN=C(Br)C(C2=NC(N(C)C)=NN=C2Br)=N1,404.07,1.38,83.82,3,8,0,0,0.76,Pseudoalkaloids,Alkaloids,False,-6.11,-6.782,177543,4.779711,5.374513,-6.446,20,0.3055,0.3391,0.32230000000000003
CNP0368674.1,CN1C[C@@H]2COCCN2C2(CNC2)C1,197.28,-1.03,27.74,0,4,1,0,0.54,Lysine alkaloids,Alkaloids,False,-4.664,-5.446,45689,1.1346608,5.013193,-5.055,14,0.33314285714285713,0.38899999999999996,0.36107142857142854
CNP0266445.0,CCOC(C=C(Br)Br)OCC,287.98,3.02,18.46,5,2,0,0,0.72,Monoterpenoids,Terpenoids,False,-3.673,-4.409,127941,2.2900195,3.910842,-4.041,11,0.33390909090909093,0.4008181818181818,0.36736363636363634
CNP0524964.1,OC1=C2N=CC3=C2C(=NCC3)C2=C1N[C@@H]1C[C@]23C=C(Br)[C@@H](O)CC3S1,418.32,1.82,77.21,0,6,3,0,0.56,Tryptophan alkaloids,Alkaloids,False,-6.791,-9.647,33286,3.244554,5.4663525,-8.219000000000001,25,0.27164,0.38588,0.32876
CNP0149035.2,C=C1CC[C@@H](C)C(C)(C)[C@H]1/C=C/C(C)=C/CC[C@@]1(CO)[C@H](CCCO)/C(=C(/C)C=O)CC[C@]1(C)O,486.74,6.33,77.76,10,4,3,1,0.15,Triterpenoids,Terpenoids,False,-5.227,-8.254,3928,0.030695204,6.2231035,-6.7405,35,0.14934285714285714,0.23582857142857142,0.19258571428571428
CNP0164638.1,CC(C)=C/C=C1\C[C@@H]2O[C@@H](C(C)(C)O)C[C@@]2(O)[C@@H](Cl)[C@@H]1O,316.82,1.91,69.92,2,4,3,0,0.68,Meroterpenoids,Terpenoids,False,-6.273,-7.782,21185,0.05353667,5.5896454,-7.0275,21,0.2987142857142857,0.37057142857142855,0.33464285714285713
CNP0094084.0,CC1(C)SC(C)(C)SC(C)(C)S1,222.44,4.41,0.0,0,3,0,0,0.6,Monoterpenoids,Terpenoids,False,-3.336,-5.079,157587,-0.30469325,4.9554515,-4.2075,12,0.27799999999999997,0.42324999999999996,0.35062499999999996
CNP0284037.1,CN(C)[C@@H]1C=CC2=CC3=CC[C@]4(C)[C@@H](C5=CC=C6C=CN=CC6=C5)CC[C@H]4[C@@]34CC[C@]2(C1)O4,438.62,6.18,25.36,2,3,0,1,0.56,Pseudoalkaloids,Alkaloids,False,-7.494,-9.793,203041,-0.47366062,7.166405,-8.6435,33,0.2270909090909091,0.2967575757575757,0.2619242424242424
CNP0181825.2,CC(=O)N[C@H](CCCC#CCC(Cl)Cl)CCCC#CCC(Cl)(Cl)Cl,433.63,5.79,29.1,8,1,1,1,0.29,Peptide alkaloids,Alkaloids,False,-4.293,-7.142,236011,3.041462,4.169519,-5.7175,24,0.178875,0.29758333333333337,0.2382291666666667
CNP0506214.1,CCCC1C(=O)C2=C(NC([C@H]3C[C@H]4C[C@@H]3[C@@H]3O[C@H]43)=N2)N(CCC)C1=O,343.43,2.66,78.59,5,4,1,0,0.66,Pseudoalkaloids,Alkaloids,False,-5.537,-7.907,137263,2.7386615,4.871471,-6.7219999999999995,25,0.22148,0.31628,0.26888
CNP0247201.1,C/C(C(=O)O)=C(/O)[C@@H](O)C[C@@H](C)[C@H]1C[C@H](O)[C@@]2(C)C3=C4C(=O)C[C@]12CCCCC[C@@]41CCC(=O)C(C)(C)[C@H]1C[C@H]3O,572.74,4.65,152.36,5,7,5,1,0.24,Triterpenoids,Terpenoids,False,-6.607,-8.717,176827,0.58076304,6.602647,-7.662000000000001,41,0.16114634146341464,0.212609756097561,0.1868780487804878
CNP0556235.0,CC(C)C1=CC(SC2=CC=C(O)C(C(C)C)=C2)=CC=C1O,302.44,5.5,40.46,4,3,2,1,0.78,Monoterpenoids,Terpenoids,False,-5.989,-7.592,38953,2.801883,7.1768084,-6.7905,21,0.28519047619047616,0.3615238095238095,0.32335714285714284
CNP0122722.1,CN1[C@@H]([C@@H]2CSS[C@@H]2O)CC[C@@H]1[C@@H]1SSC[C@@H]1O,325.55,1.9,43.7,2,7,2,0,0.75,Ornithine alkaloids,Alkaloids,False,-4.407,-5.984,120625,0.8257578,4.6459236,-5.1955,18,0.24483333333333335,0.33244444444444443,0.2886388888888889
CNP0001141.0,N=C1C=CN2OC=CN=C12,135.13,0.38,54.81,0,4,1,0,0.57,Nicotinic acid alkaloids,Alkaloids,False,-4.622,-5.072,165386,5.1072965,5.0657697,-4.8469999999999995,10,0.4622,0.5072,0.4847
CNP0201242.0,CN1N=C(CC#N)C2=C(N3N=CC(C#N)=C3N)N=CN=C21,279.27,0.07,135.02,2,9,1,0,0.7,Pseudoalkaloids,Alkaloids,False,-5.366,-6.367,72274,4.461819,5.446902,-5.8665,21,0.2555238095238095,0.3031904761904762,0.27935714285714286
CNP0434138.1,COC1=C(/C=C2\C=CC(CCCCCCCCCCC(C)C)=N2)NC(C2=CC=CN2)=C1,421.63,7.93,53.17,14,2,2,1,0.3,Proline alkaloids,Alkaloids,False,-6.354,-7.461,31824,3.3347921,7.7875814,-6.907500000000001,31,0.20496774193548387,0.24067741935483872,0.2228225806451613
CNP0263999.1,N[C@H]1[C@H]2C(=O)C=C3S[C@H]4C[C@]31C1=C3C5=C(NC=C5CCN32)C(=O)C1N4,352.42,0.38,91.22,0,6,3,0,0.63,Tryptophan alkaloids,Alkaloids,False,-6.756,-9.197,210211,2.1405926,7.584524,-7.9765,25,0.27024000000000004,0.36788,0.31906
CNP0584884.0,CC1=NC=C(C[N+]2=CSC(CCOP(=O)(O)OP(=O)(O)O)=C2C)C(=N)N1,425.32,0.67,169.7,8,7,5,0,0.3,Nicotinic acid alkaloids,Alkaloids,False,-5.404,-7.145,950,4.1248674,6.544298,-6.2745,26,0.20784615384615385,0.2748076923076923,0.24132692307692308
CNP0604221.0,O=C(C1=CC=C(Br)O1)N1CCC2(CC1)NC1=CC=CC=C1N1C=CC=C12,412.29,4.39,50.41,1,4,1,0,0.65,Tryptophan alkaloids,Alkaloids,False,-6.722,-9.292,129425,3.7213578,6.7508087,-8.007,26,0.25853846153846155,0.35738461538461536,0.30796153846153845
CNP0075809.1,O=C1CC=C[C@@H]2[C@H]3CC=CN4C=CC[C@@H](CN12)[C@@H]34,242.32,1.89,23.55,0,2,0,0,0.61,Lysine alkaloids,Alkaloids,False,-5.427,-7.814,165311,1.8326864,5.182888,-6.6205,18,0.3015,0.4341111111111111,0.36780555555555555
CNP0496915.0,NC1=CC(CSC2=NC=CN2)=C2N=C(N)NC(=O)C2=C1,288.34,1.1,126.47,3,6,4,0,0.42,Histidine alkaloids,Alkaloids,False,-6.103,-7.718,184413,4.363435,4.513357,-6.9105,20,0.30515,0.3859,0.34552499999999997
CNP0572135.1,O=C1N[C@H]2NC(=O)N[C@H]2N1,142.12,-1.74,82.26,0,2,4,0,0.32,Pseudoalkaloids,Alkaloids,False,-4.632,-4.816,213602,4.267522,4.0063663,-4.724,10,0.46319999999999995,0.4816,0.47239999999999993
CNP0524315.0,CNC1=C2C(=O)CC(C)(C)CC2=[NH+]C2=CC=CC=C12,255.34,2.85,43.24,1,2,1,0,0.85,Anthranilic acid alkaloids,Alkaloids,False,-6.415,-7.589,216508,4.6160545,7.5813017,-7.002000000000001,19,0.33763157894736845,0.39942105263157895,0.3685263157894737
CNP0397182.1,CC1C2CC(C)(C)CC2C[C@]23CC[C@]12O[C@H](C)COC3,278.44,4.03,18.46,0,2,0,0,0.67,Sesquiterpenoids,Terpenoids,False,-5.488,-8.368,254466,-0.4210952,6.1024456,-6.928000000000001,20,0.27440000000000003,0.4184,0.34640000000000004
CNP0464450.1,CC1=NN(C2=CC=CC=N2)C(C)=C1[C@@H]1C=C[C@@H](NCC2CC2)C1,308.43,3.3,42.74,5,4,1,0,0.86,Nicotinic acid alkaloids,Alkaloids,False,-5.708,-7.845,267039,3.79421,6.439327,-6.7765,23,0.24817391304347827,0.3410869565217391,0.2946304347826087
CNP0506779.0,CCN(CC)CC#CCN1C2=CC=CC=C2SC2=CC=CC=C21,322.48,4.63,6.48,4,3,0,0,0.76,Anthranilic acid alkaloids,Alkaloids,False,-5.645,-7.745,188649,4.4900684,6.164251,-6.695,23,0.24543478260869564,0.3367391304347826,0.2910869565217391
CNP0163368.2,C=C(C(C)=O)[C@@H](C)[C@@H]1O[C@@H]2OC[C@H](C)[C@@H]2[C@H](C)O1,254.33,2.14,44.76,3,4,0,0,0.72,Sesquiterpenoids,Terpenoids,False,-5.506,-7.007,12456,0.58219326,5.8273425,-6.2565,18,0.3058888888888889,0.3892777777777778,0.34758333333333336
CNP0210405.2,CC(=O)O[C@@H]1CN2C[C@@H]3C[C@H]4[C@@H]5C[C@H](C)C[C@@]42[C@@]3(C1)[C@H](O)C5,305.42,1.81,49.77,1,4,1,0,0.75,Lysine alkaloids,Alkaloids,False,-5.782,-8.217,24426,0.26398504,6.8615685,-6.9995,22,0.26281818181818184,0.3735,0.3181590909090909
CNP0610302.1,CCC1=CN2CCC3=C4C=CC=CC4=NC3=C2C=C1C1=CN2C3=CC=CC=C3[C@@]34CCN5CC6=CCO[C@@H]1[C@@H]([C@H]23)[C@H]6C[C@H]54,564.73,4.7,31.31,2,5,0,1,0.5,Tryptophan alkaloids,Alkaloids,False,-8.997,-12.47,32738,4.0248036,7.53936,-10.7335,43,0.20923255813953487,0.29000000000000004,0.24961627906976747
CNP0231352.2,C/C(=C/C1=CC(C)=CO1)CCC1=C(C)C=CO1,230.31,4.53,26.28,4,2,0,0,0.77,Sesquiterpenoids,Terpenoids,False,-5.84,-6.837,58906,2.0999787,6.259503,-6.3385,17,0.34352941176470586,0.4021764705882353,0.3728529411764706
CNP0602697.1,NC(=O)N/N=C/C=[N+](\[O-])O,146.11,-1.39,113.78,2,4,3,0,0.19,Pseudoalkaloids,Alkaloids,False,-4.0,-4.836,239152,3.4578288,4.2653856,-4.418,10,0.4,0.48360000000000003,0.4418
CNP0006960.0,C1=C2C=CC=CC2=NC2=C3C=CC=CC3=N[C+]12,217.25,0.07,24.72,0,2,0,0,0.56,Tryptophan alkaloids,Alkaloids,False,-6.73,-7.686,248248,5.2333465,6.7940035,-7.208,17,0.3958823529411765,0.4521176470588235,0.42400000000000004
CNP0432088.2,COC1=C(C)C(=O)C(C)=C([C@@]2(C)[C@H](C)[C@@]3(C)[C@@H]4O[C@]4(C)[C@@H]4O[C@]4(C)[C@@H]23)O1,360.45,3.12,64.5,2,5,0,0,0.76,Sesquiterpenoids,Terpenoids,False,-5.415,-7.637,140271,0.65756744,7.0532117,-6.526,26,0.20826923076923076,0.29373076923076924,0.251
CNP0148466.1,CC1=CC(OC(=O)[C@H](CC(C)C)NC(=O)OC(C)(C)C)=C2C(C)=C(C)C(=O)OC2=C1,417.5,4.56,94.84,5,6,1,0,0.44,Coumarins,Phenolics,False,-6.082,-7.735,232960,2.5054195,6.248191,-6.9085,30,0.20273333333333332,0.25783333333333336,0.23028333333333334
CNP0568897.1,CC1(C)[C@H]2CC[C@]1(C)C[N@+](C)(CCC[N+](C)(C)C)C2,268.49,2.99,0.0,4,0,0,0,0.69,Monoterpenoids,Terpenoids,False,-4.294,-6.602,56995,-0.6153941,5.9004297,-5.448,19,0.22599999999999998,0.3474736842105263,0.2867368421052632
CNP0552047.1,C/C(=N/O)C1=C[N+](C)=NS1,158.21,0.17,49.36,1,4,1,0,0.27,Nicotinic acid alkaloids,Alkaloids,False,-4.047,-4.551,74802,5.405763,6.440397,-4.2989999999999995,10,0.40469999999999995,0.4551,0.42989999999999995
CNP0124409.1,C=C1[C@H](N)C[C@@H]2C[C@H]1C2(C)C,151.25,1.94,26.02,0,1,1,0,0.53,Monoterpenoids,Terpenoids,False,-3.916,-5.655,4270,-0.3982556,5.2572885,-4.7855,11,0.356,0.5140909090909092,0.43504545454545457
CNP0087319.1,NCCC/C=N/CCCN,143.23,0.14,64.4,6,3,2,0,0.41,Ornithine alkaloids,Alkaloids,False,-4.022,-4.391,86304,2.8473709,3.7490873,-4.2065,10,0.4022,0.4391,0.42064999999999997
CNP0515136.1,C=C(C)C1CCC(C)=C1CC/C(C)=N/NC(=N)S,265.43,3.9,48.24,5,2,3,0,0.23,Sesquiterpenoids,Terpenoids,False,-5.515,-6.844,134762,0.9727086,5.706304,-6.1795,18,0.3063888888888889,0.38022222222222224,0.34330555555555553
CNP0216158.1,C=C(/C=C/N=C(Cl)Cl)CC[C@H](O)C(=C)CC[C@@H](O)C(=C)C,332.27,4.3,52.82,10,3,2,0,0.36,Monoterpenoids,Terpenoids,False,-5.437,-6.146,26586,2.4004383,4.1188893,-5.7915,21,0.2589047619047619,0.2926666666666667,0.2757857142857143
CNP0437887.0,C1=CC=C(C2=CN(C3=CC=CC=C3)C3=C2C2=NN=NN2C=N3)C=C1,312.34,3.13,60.9,2,6,0,0,0.5,Anthranilic acid alkaloids,Alkaloids,False,-7.581,-8.999,23948,4.9710464,7.06617,-8.290000000000001,24,0.315875,0.37495833333333334,0.3454166666666667
CNP0198723.1,C/C=C1/C(=O)O[C@]23C=C[C@@H]4C[C@@H](OC)O[C@H](O[C@H]12)[C@@H]43,264.28,1.15,53.99,1,5,0,0,0.4,Monoterpenoids,Terpenoids,False,-5.249,-7.555,85410,0.9139714,7.4138455,-6.401999999999999,19,0.2762631578947368,0.3976315789473684,0.3369473684210526
CNP0185151.1,CC[C@@]12C=CCN3CCC4=C([C@@H]31)N(C=C2)C1=CC(OC)=CC=C41,306.41,4.0,17.4,2,3,0,0,0.78,Tryptophan alkaloids,Alkaloids,False,-6.801,-8.596,132912,3.6716855,7.4738846,-7.6985,23,0.295695652173913,0.37373913043478263,0.33471739130434786
CNP0357483.0,NC1=NC(=O)N=C2N=NC(CCl)=C12,197.58,0.83,92.53,1,4,1,0,0.63,Pseudoalkaloids,Alkaloids,False,-5.056,-5.714,57039,4.4719367,4.01859,-5.385,13,0.3889230769230769,0.43953846153846154,0.41423076923076924
CNP0196094.0,COC1=CC(C2=C(C#N)C(=N)N3CCC4=CC5=C(C=C4C3=C2)OCO5)=CC=C1OC(C)C,429.48,4.25,89.49,4,7,1,0,0.67,Tyrosine alkaloids,Alkaloids,False,-6.801,-9.149,103550,2.9244077,7.8555517,-7.975,32,0.21253125,0.28590625,0.24921875
CNP0277315.1,C[C@H](C[C@@H]1C(=O)N(C)/C(=C/[C@H](C)C(Cl)(Cl)Cl)C(=O)N1C)C(Cl)(Cl)Cl,459.03,4.57,40.62,3,2,0,0,0.46,Peptide alkaloids,Alkaloids,False,-5.418,-7.077,219231,2.3521667,6.586604,-6.2475000000000005,24,0.22575,0.294875,0.2603125
CNP0329948.1,C/C=C(\C)[C@H](OC)[C@H](C)/C=C(C)/C=C(\C)C/C(C)=C/CC1=NC(OC)=C(OC)C(O)=C1C,443.63,6.5,60.81,11,5,1,1,0.31,Meroterpenoids,Terpenoids,False,-6.258,-8.119,212857,2.5328784,6.055396,-7.1884999999999994,32,0.1955625,0.25371875,0.22464062499999998
CNP0106375.0,OC1=CNN=C2C=NC=C21,135.13,0.62,61.8,0,3,2,0,0.56,Nicotinic acid alkaloids,Alkaloids,False,-4.469,-4.722,116091,5.3413863,5.140445,-4.5955,10,0.4469,0.47220000000000006,0.45955
CNP0046663.0,C=NC1=CNC2=C1OC=N2,135.13,1.49,54.18,1,3,1,0,0.6,Pseudoalkaloids,Alkaloids,False,-4.338,-4.28,135063,5.4000716,5.0166364,-4.309,10,0.4338,0.42800000000000005,0.43090000000000006
CNP0365946.4,CC(=O)/C=C(\C)NC(=O)[C@H]1[C@@H](C=C(C)C)C1(C)C,249.35,2.83,46.17,4,2,1,0,0.61,Monoterpenoids,Terpenoids,False,-5.501,-7.177,31117,-0.34835654,5.7273335,-6.339,18,0.3056111111111111,0.3987222222222222,0.35216666666666663
CNP0007509.0,CCN1CCC(O)(C2=CSC(CN3CCN(C)CC3)=N2)CC1,324.49,1.19,42.84,4,6,1,0,0.9,Pseudoalkaloids,Alkaloids,False,-5.486,-6.903,219590,2.822976,5.4365516,-6.1945,22,0.24936363636363634,0.31377272727272726,0.2815681818181818
CNP0294000.1,C[C@H]1[C@H](N2CCS(=O)(=O)CC2)O[C@@H]2O[C@@]3(C)CC[C@H]4[C@H](C)CC[C@@H]1[C@@]24OO3,401.53,1.92,74.3,1,7,0,0,0.62,Sesquiterpenoids,Terpenoids,False,-6.7,-8.959,6680,-0.23641248,6.5274243,-7.8294999999999995,27,0.24814814814814815,0.3318148148148148,0.28998148148148145
CNP0398728.1,O=CN1CCN(C2=C(NC[C@@H]3CCCN4CCCC[C@H]34)C(=O)C2=O)CC1,360.46,0.24,72.96,5,6,1,0,0.6,Lysine alkaloids,Alkaloids,False,-6.205,-8.419,63779,1.8549291,4.984307,-7.312,26,0.23865384615384616,0.32380769230769235,0.2812307692307693
CNP0344851.0,CC1=C(C(C)C)SCCN1,157.28,2.21,12.03,1,2,1,0,0.63,Monoterpenoids,Terpenoids,False,-4.453,-4.803,12467,1.5508193,4.1863565,-4.628,10,0.44530000000000003,0.4803,0.4628
CNP0546206.1,C[C@@H]1C[C@@H]2[C@H]3C[C@@H]4CN([C@H]3C1)[C@H]2C1=C4CCC(O)=N1,258.36,2.74,35.83,0,2,1,0,0.72,Lysine alkaloids,Alkaloids,False,-5.991,-8.101,12545,0.8430769,4.8075447,-7.046,19,0.3153157894736842,0.4263684210526316,0.3708421052631579
CNP0501171.1,CN1CN2C3=CC=C(O)C(Br)=C3C3=C2C(=NC=C3)[C@@H]1C[S@@H+](C)[O-],395.3,2.71,64.35,2,5,1,0,0.54,Tryptophan alkaloids,Alkaloids,False,-6.309,-7.724,17146,3.6065276,5.4461784,-7.016500000000001,23,0.274304347826087,0.3358260869565218,0.3050652173913044
CNP0611005.1,CNP1(NC)=N[P@](NC)(N2CC2)=N[P@@](NC)(N2CC2)=N1,339.27,1.35,91.22,6,9,4,0,0.43,Pseudoalkaloids,Alkaloids,False,-4.169,-5.83,115822,1.9038547,4.595795,-4.999499999999999,20,0.20844999999999997,0.2915,0.24997499999999997
CNP0533313.0,N#CC[N+]12CCCN(CCC1)C2,166.25,0.39,27.03,1,2,0,0,0.42,Lysine alkaloids,Alkaloids,False,-4.379,-4.671,207550,1.4734497,4.53385,-4.525,12,0.3649166666666666,0.38925000000000004,0.3770833333333333
CNP0270431.1,C=CCC1=CC=C2O[C@H]3C4=C(C=C[C@@]3(CC=C)C2=C1)OC1=CC=C(CC=C)C=C41,380.49,6.86,22.37,6,2,0,1,0.44,Lignans,Phenolics,False,-7.176,-9.024,215816,2.1284733,7.177534,-8.1,29,0.24744827586206897,0.3111724137931034,0.2793103448275862
CNP0386414.0,C1=CN2C=CC=C2CS1,137.21,2.16,4.93,0,2,0,0,0.53,Nicotinic acid alkaloids,Alkaloids,False,-4.209,-4.205,252767,4.27454,5.4313273,-4.207,9,0.4676666666666666,0.4672222222222222,0.46744444444444444
CNP0069103.1,C[C@H]1[C@H](O)CC[C@H]2C[C@H](CC[C@H]3C#CC[C@@H]4C[C@@](C)(CCN4)NC[C@](O)(CC(=O)O)CCCC3)C=CN21,515.74,3.4,105.06,5,6,5,1,0.36,Lysine alkaloids,Alkaloids,False,-6.98,-9.097,172127,-0.11526573,7.0833893,-8.038499999999999,37,0.18864864864864866,0.24586486486486486,0.21725675675675676
CNP0187032.1,OC1=CC=C2N=C3[C@H](O)CCN3CC2=C1,204.23,1.0,56.06,0,4,2,0,0.66,Anthranilic acid alkaloids,Alkaloids,False,-5.766,-6.868,40581,3.4017992,5.933312,-6.317,15,0.3844,0.4578666666666667,0.42113333333333336
CNP0309628.1,C[C@H]1CC[C@H]2C(C)(C)CCC[C@]2(C)/C1=C/C1=CC(OS(=O)(=O)O)=C(O)C(C=O)=C1OS(=O)(=O)O,518.61,4.21,164.5,6,8,3,1,0.37,Diterpenoids,Terpenoids,False,-5.579,-8.344,72956,-0.5124313,6.818539,-6.961499999999999,34,0.16408823529411765,0.24541176470588233,0.20475
CNP0585327.0,CC1=NN2C(=C1)N(C)C(=O)CC21CCN(S(=O)(=O)C2=C(C)ON=C2C)CC1,393.47,1.34,101.54,2,7,0,0,0.76,Tryptophan alkaloids,Alkaloids,False,-6.763,-8.371,73723,3.5644162,6.0278716,-7.567,27,0.25048148148148147,0.31003703703703706,0.28025925925925926
CNP0326665.1,CC1(C)C=CC(=O)C([C@@H](Br)CBr)=C1,308.01,3.24,17.07,2,1,0,0,0.72,Monoterpenoids,Terpenoids,False,-4.682,-5.99,4075,-0.6611891,5.358553,-5.336,13,0.36015384615384616,0.46076923076923076,0.41046153846153843
CNP0361423.4,CC1(C)CCCC2=C1CC(C)(C)[C@H](C[C@@]1(C)NCCO1)C2,291.48,4.66,21.26,2,2,1,0,0.75,Sesquiterpenoids,Terpenoids,False,-5.644,-7.885,38760,0.39768445,5.260206,-6.7645,21,0.26876190476190476,0.37547619047619046,0.32211904761904764
CNP0439494.1,C=C1C=C2[C@@]3(CC[C@H](C[C@H](CO)CC4=CCN=C4)C3)C[C@@]3(CCC[C@H]3CO)[C@H](C)[C@@]2(C)[C@H]2[C@@H]1C2(C)C,491.76,6.77,52.82,6,3,2,1,0.43,Sesquiterpenoids,Terpenoids,False,-6.636,-9.443,42347,-0.10757575,6.5529323,-8.0395,36,0.18433333333333335,0.26230555555555557,0.22331944444444446
CNP0540443.0,CN1CCC2=C1[NH+]=C1CCCC1=C2N,190.27,0.56,43.4,0,2,1,0,0.65,Lysine alkaloids,Alkaloids,False,-5.637,-6.35,259871,2.3840187,4.676715,-5.993499999999999,14,0.40264285714285714,0.45357142857142857,0.42810714285714285
CNP0293746.0,O=C1C=C2N=C3C(=C2CC1)C1=C(C=NC1=O)C1=C3NC2=C(O)CC(=O)C=C21,357.33,-0.81,111.95,0,5,2,0,0.64,Tryptophan alkaloids,Alkaloids,False,-7.735,-9.063,74186,4.4995117,4.7175183,-8.399000000000001,27,0.2864814814814815,0.33566666666666667,0.31107407407407406
CNP0002558.0,C1=CC2=NC=CN=C2C1,118.14,1.05,25.78,0,2,0,0,0.51,Tetramate alkaloids,Alkaloids,False,-4.361,-4.462,8654,5.356576,5.651496,-4.4115,9,0.4845555555555555,0.49577777777777776,0.49016666666666664
CNP0044216.1,C#CCNC(=O)C[C@@H]1C2=C(C[C@@H]3[C@](C)(CO)[C@H](O)CC[C@]31C)SC(NC(=O)N1CCOCC1)=N2,490.63,1.56,124.02,5,7,4,0,0.46,Diterpenoids,Terpenoids,False,-6.556,-8.22,36320,1.7598362,5.59637,-7.388,34,0.1928235294117647,0.24176470588235296,0.21729411764705883
CNP0487793.1,C/C=C/C(=O)NC[C@H](C(C)C)N(O)N=O,215.25,1.08,82.0,6,4,2,0,0.39,Peptide alkaloids,Alkaloids,False,-5.117,-5.283,20376,2.7314117,3.75255,-5.2,15,0.34113333333333334,0.3522,0.3466666666666667
CNP0461847.0,CCCN(CCN(CC#N)CCCN(C)CCNC)C(N)=O,312.46,0.14,88.63,13,5,2,0,0.47,Ornithine alkaloids,Alkaloids,False,-4.312,-5.379,250192,2.866884,3.5134587,-4.8454999999999995,22,0.196,0.24449999999999997,0.22025
CNP0361831.0,CC1SC(C(C)(C)C(O)C2CSC(C3CSC(C4=CC=CC=C4O)=N3)N2)=NC1C(=O)O,481.67,2.66,114.51,6,9,4,0,0.49,Serine alkaloids,Alkaloids,False,-7.136,-8.589,58978,3.6505327,6.6421905,-7.862500000000001,31,0.23019354838709677,0.27706451612903227,0.25362903225806455
CNP0267020.2,CC1(C)[C@@H](Cl)C[C@]23[C@@H]4CC(=O)N2C=CC2=NC(=O)N[C@@]21N3C1=CC(Br)=CC(Br)=C14,540.64,4.47,65.01,0,3,1,1,0.49,Anthranilic acid alkaloids,Alkaloids,False,-6.975,-9.382,66247,1.2653886,6.7715116,-8.1785,29,0.24051724137931033,0.3235172413793103,0.28201724137931033
CNP0040136.0,BrCCCOC1=CC=C2C=C3C=CC(OCCCBr)=CC3=NC2=C1,453.17,5.72,31.35,8,3,0,1,0.25,Tryptophan alkaloids,Alkaloids,False,-5.857,-7.015,8513,4.509475,6.056591,-6.436,24,0.24404166666666668,0.29229166666666667,0.26816666666666666
CNP0366480.1,CN(C)/C=N/C1=NC=NC2=NC=C3C4=CC=CC=C4NC3=C12,290.33,2.88,70.06,2,4,1,0,0.46,Tryptophan alkaloids,Alkaloids,False,-6.856,-8.055,15647,4.6730933,5.9843497,-7.4555,22,0.31163636363636366,0.36613636363636365,0.33888636363636365
CNP0590612.1,CC1=CC=C2C[C@H](O)[C@@]3([C@H](C)O)O[C@H]4[C@H]([C@@H]3C3=CC=C(C)N3[C@@H]4C)N12,342.44,2.24,59.55,1,5,2,0,0.84,Tryptophan alkaloids,Alkaloids,False,-5.505,-7.892,99988,0.60322005,6.2073956,-6.6985,25,0.2202,0.31568,0.26794
CNP0294601.1,CC1=CC(=O)N2C[C@]34C[C@@]5(C(=O)NC6=C5C=CC5=C6OC=CC(C)(C)O5)C(C)(C)[C@@H]3C[C@]12C(=O)N4C,489.57,3.13,88.18,0,5,1,0,0.61,Peptide alkaloids,Alkaloids,False,-7.554,-9.444,193558,0.24936815,7.546545,-8.499,36,0.20983333333333334,0.26233333333333336,0.23608333333333337
CNP0478004.1,COC[C@]12CN[C@@H]3[C@@H]4[C@H](OC)[C@H]1[C@@]3([C@@H](OC)C[C@H]2O)[C@@H]1C[C@@]2(O)[C@H](O)[C@@H]1[C@]4(O)[C@@H](O)[C@@H]2OC,471.55,-2.52,150.1,5,10,6,1,0.25,Pseudoalkaloids,Alkaloids,False,-5.789,-7.212,266006,1.0426598,5.939921,-6.5005,33,0.17542424242424243,0.21854545454545454,0.19698484848484848
CNP0576892.0,CC(C)(C)[Si](OCC1CCCO1)C(C)(C)C,243.44,3.77,18.46,3,2,0,0,0.7,Monoterpenoids,Terpenoids,False,-4.244,-5.36,80039,0.98740673,4.663,-4.802,16,0.26525,0.335,0.300125
CNP0032690.0,CC(C)(C)C1=CC(C(C)(C)C)=C2OC3=C(C(C)(C)C)C=C(C(C)(C)C)C(=O)C3=NC2=C1,421.63,7.48,43.1,0,3,0,1,0.35,Flavonoids,Flavonoids,False,-7.001,-8.239,106015,3.5215697,4.9894557,-7.620000000000001,31,0.22583870967741937,0.2657741935483871,0.24580645161290324
CNP0012762.1,O[C@@H]1[C@@H](N2C=C(Cl)C=N2)[C@@H]2OCC(O2)[C@H]1NCC1=CN=CN=C1,337.77,0.14,94.32,4,8,2,0,0.82,Nicotinic acid alkaloids,Alkaloids,False,-6.322,-7.42,25603,3.831553,5.721755,-6.871,23,0.2748695652173913,0.3226086956521739,0.2987391304347826
CNP0143049.2,CNCC(O)C1=CC(Br)=C(OCCCNC(=O)C2=NO[C@@]3(CC(Br)=C(OC)C(Br)=CO3)[C@H]2O)C(Br)=C1,763.07,3.7,130.87,10,9,4,1,0.27,Tyrosine alkaloids,Alkaloids,False,-6.283,-8.662,191227,3.7676117,6.4360614,-7.4725,36,0.17452777777777778,0.24061111111111114,0.20756944444444447
CNP0608859.0,CC(C)CC1=C(O)[N+](=O)C(CC(C)C)=C(O)N1O,257.31,1.45,88.59,4,5,3,0,0.56,Tetramate alkaloids,Alkaloids,False,-5.357,-6.581,88763,1.697759,5.7812047,-5.969,18,0.2976111111111111,0.3656111111111111,0.3316111111111111
CNP0583037.0,O=C1N=C2C=CC3=C(SC=N3)C2=C1CNC1=CC=C(S(=O)(=O)NC2=CC=CC=N2)C=C1,449.52,1.91,113.41,6,7,2,0,0.46,Tryptophan alkaloids,Alkaloids,False,-7.104,-9.808,159242,4.9829073,6.4085035,-8.456,31,0.22916129032258065,0.3163870967741935,0.27277419354838706
CNP0153262.0,CC1=C(C)C(C)C(C)=C1C,136.24,3.31,0.0,0,0,0,0,0.48,Monoterpenoids,Terpenoids,False,-5.107,-5.806,214634,1.0906934,4.3316727,-5.4565,10,0.5107,0.5806,0.54565
CNP0009894.0,NC1=CC=C(C2=C3C=CC(=O)C=C3OC3=CC(O)=CC=C23)C(C(=O)O)=C1,347.33,3.55,113.76,2,5,3,0,0.38,Flavonoids,Flavonoids,False,-6.937,-8.945,41496,4.096177,6.8588657,-7.941000000000001,26,0.2668076923076923,0.34403846153846157,0.3054230769230769
CNP0608741.0,N=C1N=C(C(=O)O)C2=C(CNC(=O)C3=C2C(Br)=C(Br)N3)N1,417.02,1.35,134.72,1,4,5,0,0.48,Histidine alkaloids,Alkaloids,False,-5.949,-7.441,239805,4.2851934,4.2120404,-6.695,21,0.28328571428571425,0.35433333333333333,0.31880952380952376
CNP0304509.1,C=C1C=CC2=C(C)[C@H](OC(C)=O)[C@H](OC(C)=O)[C@@H]3C(=C)C(=O)O[C@@H]3[C@@H]12,344.36,2.02,78.9,2,6,0,0,0.43,Sesquiterpenoids,Terpenoids,False,-6.234,-8.002,113663,2.386124,7.478286,-7.118,25,0.24936,0.32008000000000003,0.28472000000000003
CNP0605523.2,C[N+](C)(C)C[C@H]1[C@@H](C(=O)[O-])[C@@H]1C(=O)O,201.22,-1.61,77.43,4,3,1,0,0.56,Ornithine alkaloids,Alkaloids,False,-4.564,-5.345,74490,2.5745618,4.772132,-4.9544999999999995,14,0.326,0.3817857142857143,0.3538928571428571
CNP0455920.1,CC1=CC=C(/N=C(/N)NC(=N)/N=C(\O)C2=NC=CN=C2N)C=C1,312.34,0.84,158.65,2,5,5,0,0.41,Peptide alkaloids,Alkaloids,False,-6.396,-8.225,146686,4.4801593,5.758007,-7.310499999999999,23,0.27808695652173915,0.3576086956521739,0.3178478260869565
CNP0491827.0,CCC1=C2C=C3NC(=CC4=C(C)C=C(C=C5NC(=CC(=C1C)N2)C=C5C)N4)C(C)=C3CCC(=O)O,468.6,2.44,100.46,4,1,5,0,0.28,Tryptophan alkaloids,Alkaloids,False,-7.294,-8.343,154688,2.528339,5.560229,-7.8185,35,0.2084,0.23837142857142857,0.2233857142857143
CNP0000498.0,C=C1N=NC2=C1NOC2=C,135.13,-1.06,54.71,0,3,1,0,0.5,Pseudoalkaloids,Alkaloids,False,-4.651,-4.826,206981,5.471379,4.93458,-4.7385,10,0.46509999999999996,0.4826,0.47385
CNP0057156.1,O=C(C1=CC=C(Cl)C=C1)C1=NN(C2=CC=CC=C2)/C(=N/N=C/C2=CC=C(F)C=C2)S1,436.9,4.89,59.61,5,6,0,0,0.25,Flavonoids,Flavonoids,False,-7.786,-9.494,71540,4.6750536,6.777254,-8.64,30,0.25953333333333334,0.3164666666666667,0.28800000000000003
CNP0423831.1,C[C@@H]1CC2O[C@@]3(C[C@@]4(C)CC5=CC[C@H]6C(=CC[C@@H](O[C@@H]7OC[C@H](O)[C@H](O)[C@H]7O)C6(C)C)CC5=C[C@@]4(C)[C@@H]13)O[C@H]2C(C)(C)O,600.79,4.16,117.84,3,8,4,1,0.36,Triterpenoids,Terpenoids,False,-7.536,-9.53,13872,0.3456103,6.538869,-8.533,43,0.17525581395348835,0.22162790697674417,0.19844186046511625
CNP0000481.0,O=NC1=CC2=CNC=C2N1,135.13,1.89,61.01,1,2,2,0,0.58,Tryptophan alkaloids,Alkaloids,False,-4.485,-4.906,152696,4.874135,5.0780125,-4.6955,10,0.4485,0.4906,0.46955
CNP0538532.0,CNC1=NC(OC)=C2C(=N1)N(C)C=[N+]2C,208.24,-0.16,55.85,2,5,1,0,0.7,Pseudoalkaloids,Alkaloids,False,-4.877,-5.542,254180,4.287167,5.229646,-5.2095,15,0.32513333333333333,0.36946666666666667,0.3473
CNP0598126.1,CC1(C)CNC(=NN=C(/C=C/C2=CC=C(C(F)(F)F)C=C2)/C=C/C2=CC=C(C(F)(F)F)C=C2)NC1,494.48,6.38,48.78,5,2,2,1,0.29,Flavonoids,Flavonoids,False,-8.004,-9.796,169926,2.58973,6.7904835,-8.899999999999999,35,0.22868571428571427,0.2798857142857143,0.2542857142857143
CNP0184242.2,CN[C@@H](C)C(=O)N[C@H](C)[C@H](O)[C@@H](C)C(=O)N1C(=O)C(C)(C)C(=O)[C@H]1C(C)C,383.49,0.08,115.81,7,6,3,0,0.54,Peptide alkaloids,Alkaloids,False,-5.444,-7.349,47607,1.7075005,6.0588865,-6.3965,27,0.20162962962962963,0.2721851851851852,0.2369074074074074
CNP0368768.1,CC1=C[C@H]2O[C@@H]3C[C@@H]4OC(=O)/C=C/C=C[C@@H]5O[C@@H](C/C(C)=C/C(=O)OC[C@@]2([C@@H]2O[C@H]12)[C@]4(C)[C@@]31CO1)O[C@H]5C,526.58,2.69,105.35,0,9,0,1,0.27,Sesquiterpenoids,Terpenoids,False,-7.599,-9.719,64507,1.1885264,7.166113,-8.658999999999999,38,0.19997368421052633,0.2557631578947368,0.22786842105263155
CNP0542401.0,OC1=CC=CC(C2=CC(CC3(NCC4=CC=C5OCOC5=C4)COC3)=NO2)=C1,380.4,2.88,85.98,6,7,2,0,0.68,Lignans,Phenolics,False,-6.941,-7.949,72442,3.2918565,6.944069,-7.445,28,0.24789285714285714,0.2838928571428571,0.26589285714285715
CNP0506349.1,CC/C=C\CCO[Si](C)(C)C(C)(C)C,214.42,4.36,9.23,5,1,0,0,0.38,Monoterpenoids,Terpenoids,False,-4.35,-5.417,9952,2.4614437,4.1250544,-4.8835,14,0.31071428571428567,0.3869285714285714,0.3488214285714285
CNP0555999.1,C[C@@H]1CNC(C(C2=[NH+]C[C@H](C)N2)C2=[NH+]C[C@H](C)N2)=[NH+]1,265.38,-5.99,78.0,3,3,6,1,0.31,Lysine alkaloids,Alkaloids,False,-5.763,-6.709,10657,0.66796935,4.3224273,-6.236,19,0.3033157894736842,0.3531052631578947,0.32821052631578945
CNP0558808.3,C=CC(C)(C)[C@@]12C=C(O)C(=O)N3/C(=C\C4=CNC=N4)C(=O)N[C@]31N(OC)C1=CC=CC=C12,433.47,2.35,110.79,4,6,3,0,0.5,Histidine alkaloids,Alkaloids,False,-5.351,-8.178,90022,4.3984175,7.6132617,-6.7645,32,0.16721875,0.2555625,0.211390625
CNP0233288.2,CC(C)C1CC2C3(C)CC1CC2(C)[C@H](SC#N)C3,263.45,4.69,23.79,2,2,0,0,0.67,Sesquiterpenoids,Terpenoids,False,-4.598,-7.292,99883,-0.7581209,5.698958,-5.945,18,0.2554444444444444,0.4051111111111111,0.3302777777777778
CNP0605197.1,C/C=C/C1=C(C(=O)C2=C(O)C(C3=CC=C(O)C=C3)=CNC2=O)C=C(C)[C@H]2CC[C@H](C)C[C@H]12,431.53,5.52,90.39,4,4,3,1,0.56,Nicotinic acid alkaloids,Alkaloids,False,-7.281,-9.913,138218,1.9181153,6.6509566,-8.597,32,0.22753125,0.30978125,0.26865625
CNP0430255.1,C=C(C)[C@H]1O[C@H]2CC[C@@]3(C)[C@@](O)(CC[C@]4(OC)O[C@@H]5OC(C)(C)[C@H]6C[C@@H]7C(=C)CC8=CC=C9NC(=C5C9=C8[C@@]76O)[C@@]43C)[C@]23O[C@@H]3[C@H]1O,645.79,4.71,125.93,2,8,4,1,0.27,Tryptophan alkaloids,Alkaloids,False,-7.195,-9.709,184484,0.59154147,7.13527,-8.452,47,0.15308510638297873,0.20657446808510638,0.17982978723404255
CNP0605261.1,CC1(C)CC[C@]2(C(=O)O)CC[C@]3(C)[C@H](C(=O)C=C4[C@@]5(C)C=C(C#N)C(=O)C(C)(C)[C@@H]5CC[C@]43C)[C@@H]2C1,491.67,6.29,95.23,1,4,1,1,0.46,Triterpenoids,Terpenoids,False,-7.19,-9.008,222375,-0.3431656,6.5138617,-8.099,36,0.19972222222222225,0.2502222222222222,0.2249722222222222
CNP0475234.1,CS(=O)(=O)N[C@@H]1C[C@@H]2C(=O)NC3=CC=C(C4=CSC=C4)C=C3C(=O)N2C1,391.47,1.5,95.58,3,5,2,0,0.83,Anthranilic acid alkaloids,Alkaloids,False,-6.782,-8.705,8737,2.7341173,6.4550066,-7.7435,26,0.26084615384615384,0.3348076923076923,0.29782692307692304
CNP0004165.1,CN1C=CN=C1CN1C(=O)CO[C@H]2CN(C(=O)CC(C)(C)C)C[C@H]21,334.42,0.79,67.67,3,5,0,0,0.82,Ornithine alkaloids,Alkaloids,False,-5.291,-7.11,40519,3.5184739,5.9771867,-6.2005,24,0.22045833333333334,0.29625,0.25835416666666666
CNP0304114.1,CC1=N[C@@H]2CCCCCCCC(=O)O[C@H]3CC[C@@H](CCCCCCCC(=O)O[C@H]1CC2)N[C@H]3C,476.7,6.05,76.99,0,6,1,1,0.43,Lysine alkaloids,Alkaloids,False,-7.198,-7.918,99823,1.372072,4.799453,-7.558,34,0.2117058823529412,0.23288235294117648,0.22229411764705884
CNP0163197.0,COC(=O)C1=CC=CC=CO1,152.15,1.14,35.53,1,3,0,0,0.53,Phenolic acids (C6-C1),Phenolics,False,-4.512,-4.879,223552,3.1499417,7.5353603,-4.695499999999999,11,0.41018181818181815,0.4435454545454545,0.42686363636363633
CNP0538327.0,NS(=O)(=O)C1=CC=C(CCNC(=O)COC2=CC=C3C(=C2)C2=CC=[N+]C4=C2N3C(=O)C2=CC=CC=C42)C=C1,526.57,1.54,134.07,7,7,2,1,0.33,Tryptophan alkaloids,Alkaloids,False,-8.055,-9.674,58529,4.367148,6.9489894,-8.8645,38,0.21197368421052631,0.254578947368421,0.23327631578947366
CNP0526346.1,OC1C(=NCC[C@H]2CCCCN2)NC[C@H](Cl)N1CCNCC1=CSC2=CC=C(Cl)C=C12,484.5,3.36,71.92,8,6,4,0,0.26,Lysine alkaloids,Alkaloids,False,-6.833,-8.608,188948,3.4946172,6.1106477,-7.7205,31,0.2204193548387097,0.27767741935483875,0.24904838709677424
CNP0488531.1,NC[C@@H]1[C@H]2CN3C(=O)C4=C(C=CN4)[C@@H]4N=C(N)N[C@@]43[C@@H]2[C@]2(NC(N)=N[C@H]2O)[C@H]1Cl,419.88,-2.46,183.17,1,9,7,1,0.25,Guanidine alkaloids,Alkaloids,False,-6.761,-8.842,198590,2.2447567,6.753354,-7.801500000000001,29,0.23313793103448277,0.30489655172413793,0.2690172413793104
CNP0262593.1,O=C(O)CCCCCCCC/C=C/C(=O)N[C@H]1C[C@@]2(O)C(=O)[C@H]([C@H](O)[C@@H]3O[C@@H]32)[C@H]1O,425.48,0.06,156.69,11,7,5,0,0.18,Pseudoalkaloids,Alkaloids,False,-6.174,-7.272,26814,0.8748762,6.4014783,-6.723000000000001,30,0.2058,0.2424,0.22410000000000002
CNP0088043.0,O=P(C1=CC=CC=C1)(C1=CC=CC=C1)C1=CC=CC=C1Br,357.19,4.09,17.07,3,1,0,0,0.65,Flavonoids,Flavonoids,False,-5.906,-8.235,48418,4.8828483,6.896593,-7.070499999999999,21,0.28123809523809523,0.3921428571428571,0.3366904761904762
CNP0450591.0,C1=CC(C2=CSN=N2)=CC=C1C1=CC=C(C2=CSN=N2)C=C1,322.42,4.39,51.56,3,6,0,0,0.56,Nicotinic acid alkaloids,Alkaloids,False,-6.882,-8.614,90549,5.2284284,5.8016725,-7.748,22,0.31281818181818183,0.3915454545454546,0.3521818181818182
CNP0539879.1,CC(C)C1=C2[C@H]3CC[C@@H]4[C@@H]5O[C@]6(O)[C@@]7(O)[C@@H](OC[C@]6(O)O5)O[C@@H]([C@@H]47)[C@]3(C)CC[C@@]2(C)CC1,448.56,2.43,97.61,1,7,3,0,0.53,Diterpenoids,Terpenoids,False,-6.688,-9.095,114213,-0.47136113,6.5415664,-7.891500000000001,32,0.209,0.28421875,0.24660937500000002
CNP0395465.0,C=CCC1=C(OCC(=O)O)C=CC2=C1C(=O)N1CCCC1=N2,300.31,1.53,81.42,5,5,1,0,0.85,Anthranilic acid alkaloids,Alkaloids,False,-5.829,-7.503,42709,4.5044003,6.714904,-6.666,22,0.26495454545454544,0.34104545454545454,0.303
CNP0477351.1,C=C[C@H]1C[N@]2CC[C@H]1C[C@@H]2CN,166.27,0.84,29.26,2,2,1,0,0.62,Lysine alkaloids,Alkaloids,False,-4.683,-5.468,18811,1.623013,5.301653,-5.0755,12,0.39025,0.45566666666666666,0.4229583333333333
CNP0593712.0,O=C(O)C1(N2CCCC2)CC1,155.2,0.7,40.54,2,2,1,0,0.64,Lysine alkaloids,Alkaloids,False,-4.792,-4.87,140239,1.2257746,4.98452,-4.8309999999999995,11,0.4356363636363636,0.44272727272727275,0.4391818181818182
CNP0265792.1,CS/C(C)=C/C#CC1=CC=CC(=O)O1,206.27,2.26,30.21,1,3,0,0,0.66,Coumarins,Phenolics,False,-5.151,-5.711,143111,1.9878654,7.107302,-5.431,14,0.36792857142857144,0.4079285714285715,0.38792857142857146
CNP0003127.0,NC(CCCCN1C(C=O)=CC=C1CO)C(=O)O,254.29,0.38,105.55,8,5,3,0,0.46,Proline alkaloids,Alkaloids,False,-5.053,-5.449,168219,4.0616093,4.9385047,-5.2509999999999994,18,0.2807222222222222,0.3027222222222222,0.2917222222222222
CNP0131577.0,CC1=C(CC2=C3C(=C(O)C4=C2C(C)=CO4)CCCC3C)OC2=C1C(O)C1(C)C(=CCCC1C)C2,460.61,7.33,66.74,2,4,2,1,0.39,Diterpenoids,Terpenoids,False,-8.379,-10.78,258060,0.6278177,7.476961,-9.5795,34,0.24644117647058822,0.3170588235294117,0.28174999999999994
CNP0532182.1,C/C=C(\C=C(C)\C=C\C=C\C=C(/C)C(=O)[C@H]1C[C@H](CO)NC1=O)C(=O)OC,373.45,2.18,92.7,8,5,2,0,0.29,Tetramate alkaloids,Alkaloids,False,-6.222,-8.022,157776,1.6955243,6.085608,-7.122,27,0.23044444444444445,0.2971111111111111,0.2637777777777778
CNP0478949.0,N=C(N)C1=CC=C2NC(C3=CC=CC(OC4CCCC4)=C3O)=CC2=C1,335.41,4.15,95.12,4,3,4,0,0.43,Tryptophan alkaloids,Alkaloids,False,-7.694,-9.244,184414,3.5291617,6.988964,-8.469,25,0.30776,0.36976,0.33875999999999995
CNP0552964.1,CC1(C)O[C@@H](/C=C/Cl)[C@H](Cl)C[C@@H]1Br,288.01,3.68,9.23,1,1,0,0,0.67,Sesquiterpenoids,Terpenoids,False,-4.444,-5.785,19503,-0.22982809,5.57206,-5.1145,13,0.34184615384615386,0.445,0.39342307692307693
CNP0135908.1,C=C1CC2=C3/C(=C\C=C(\C)CC2)C=C(C(C)C)C(=O)[C@]3(O)C1,296.41,4.2,37.3,1,2,1,0,0.74,Diterpenoids,Terpenoids,False,-5.971,-9.459,68786,0.76884323,6.751988,-7.715,22,0.27140909090909093,0.4299545454545454,0.3506818181818182
CNP0610848.0,CC1(C)[C-2]CCC(C)(O)C(O)CCC(C)(O)CC1,256.39,2.31,60.69,0,3,3,0,0.62,Sesquiterpenoids,Terpenoids,False,-4.714,-7.601,259458,-0.02502081,6.230568,-6.157500000000001,18,0.2618888888888889,0.42227777777777775,0.3420833333333333
CNP0527181.1,CCN1C[C@]2(COC(=O)C3=CC=CC=C3NC(C)=O)CCC[C@@]34[C@@H]5C[C@@H]6CC=C([C@H]5C6=O)[C@@](OC)(C[C@H]23)[C@@H]14,518.65,4.23,84.94,6,6,1,1,0.45,Pseudoalkaloids,Alkaloids,False,-6.988,-9.568,217211,1.7094088,7.5197234,-8.278,38,0.18389473684210528,0.2517894736842105,0.2178421052631579
CNP0270590.2,C[C@@H](CC(=O)N(C)[C@H](C[C@H](C)C(Cl)Cl)C1=NC=CS1)C(Cl)Cl,406.21,5.3,33.2,8,3,0,1,0.55,Serine alkaloids,Alkaloids,False,-4.804,-6.679,161687,3.015091,4.495019,-5.7415,22,0.21836363636363637,0.3035909090909091,0.2609772727272727
CNP0550710.0,C1=CC2C=CC1C13CCC21CC3,158.24,2.92,0.0,0,0,0,0,0.48,Sesquiterpenoids,Terpenoids,False,-5.085,-6.239,17875,0.011559941,5.3610525,-5.662,12,0.42375,0.5199166666666667,0.4718333333333333
CNP0035382.4,C1C[C@@H]2C[C@H]1[C@@H]1[C@H]3N=N[C@@H]([C@H]21)[C@@H]1[C@H]2CC[C@H](C2)[C@@H]31,242.37,3.53,24.72,0,2,0,0,0.62,Lysine alkaloids,Alkaloids,False,-6.064,-7.672,40784,0.53875184,4.5101357,-6.868,18,0.3368888888888889,0.4262222222222222,0.38155555555555554
CNP0075379.0,C=CC(C)CN=C=S,127.21,1.91,12.36,3,2,0,0,0.32,Monoterpenoids,Terpenoids,False,-3.776,-3.829,124995,2.4033558,3.8013573,-3.8025,8,0.472,0.478625,0.4753125
CNP0598841.1,CO[C@@H]1[C@]2(O)C3=CC(O)=CC=C3N3C(C)(C)[C@H](C)[C@]32N2C(=O)/C3=C/C4=C(NC5=CC(Cl)=CC=C45)C(C)(C)/C=C\N3C(=O)[C@]12O,617.1,3.89,129.57,1,7,4,1,0.33,Peptide alkaloids,Alkaloids,False,-7.074,-7.664,250952,1.8624494,7.638394,-7.369,44,0.16077272727272726,0.1741818181818182,0.16747727272727272
CNP0430222.1,CO[C@@]12OC3=C(C=C(/C=N/O)N=C3C3=CC=CC=N3)O[C@@H]1O[C@@H](C)[C@H](O)[C@H]2O,389.36,0.53,135.75,3,10,3,0,0.39,Nicotinic acid alkaloids,Alkaloids,False,-6.498,-7.99,119300,5.147217,6.28483,-7.244,28,0.23207142857142857,0.28535714285714286,0.25871428571428573
CNP0434251.1,CC(C)=C[C@@H]1C2=CC=CC3=C2[C@]24CCN1[C@H]1NCC[C@]12C1C=CC=CC1N[C@@H]4N3C,400.57,3.45,30.54,1,4,2,0,0.71,Tryptophan alkaloids,Alkaloids,False,-6.569,-8.865,143760,2.8376527,7.6702247,-7.7170000000000005,30,0.21896666666666667,0.2955,0.2572333333333333
CNP0427275.1,C[C@H]1CC[C@H]2[C@@H]3CC(=O)[C@H](CN4C=NC5=C(NC(=O)N5)C4=O)[C@@]13CC2(C)C,370.45,2.08,100.61,2,5,2,0,0.85,Pseudoalkaloids,Alkaloids,False,-6.776,-9.628,241815,0.6235906,6.442825,-8.202,27,0.25096296296296294,0.35659259259259257,0.30377777777777776
CNP0343698.2,N#CC[C@H]1CN[C@@H]2CC3=C(Cl)NC4=CC=CC(=C34)C2C1,285.78,3.35,51.61,1,2,2,0,0.84,Tryptophan alkaloids,Alkaloids,False,-6.21,-8.021,58162,3.5184515,7.0973115,-7.115500000000001,20,0.3105,0.40105,0.355775
CNP0601698.1,O=C1N=CNC2=C1NC=C2[C@@H]1O[C@H](CO)[C@H]2O[C@@H](CP(=O)(O)O)O[C@H]21,373.26,-1.03,166.99,4,7,5,0,0.42,Tryptophan alkaloids,Alkaloids,False,-5.625,-7.243,167903,3.811853,6.3639793,-6.434,25,0.225,0.28972000000000003,0.25736000000000003
CNP0328851.0,CC1=CC2=C3C(=CC(O)=CC3=CC(C)=N2)O1,213.24,3.0,42.35,0,3,1,0,0.73,Chromanes,Phenolics,False,-6.393,-7.351,182040,2.8609092,6.979195,-6.872,16,0.3995625,0.4594375,0.4295
CNP0518608.1,CC1=CC(/C=C/C#N)=CC(C)=C1NC1=CC=NC(NC2=CC=C(C#N)C=C2)=N1,366.43,4.99,97.42,5,6,2,0,0.62,Nicotinic acid alkaloids,Alkaloids,False,-6.605,-8.66,36360,4.2932277,5.654002,-7.6325,28,0.23589285714285715,0.3092857142857143,0.2725892857142857
CNP0000179.1,CCCCC/N=C1\CC(C)(C)SC2=CC(CCCCC)=CC(O)=C12,347.57,6.38,32.59,8,3,1,1,0.55,Meroterpenoids,Terpenoids,False,-5.782,-7.501,24527,2.394003,4.5889335,-6.641500000000001,24,0.24091666666666667,0.31254166666666666,0.2767291666666667
CNP0556781.0,CN1CCC2=CN(C)C3=C(O)C4=[N+]=CC(C5=CC=C([O-])C=C5)=C4C1=C23,331.38,-0.08,65.56,1,4,1,0,0.63,Tryptophan alkaloids,Alkaloids,False,-6.788,-8.132,59949,3.1247807,5.6425676,-7.46,25,0.27152,0.32528,0.2984
CNP0276625.0,CSC1=C(C(COC(C)=O)OC(C)=O)SC2=NC3=C(N=C12)C(=O)NC(NC(C)=O)=N3,451.49,1.78,153.23,6,11,2,1,0.42,Pseudoalkaloids,Alkaloids,False,-6.4,-7.85,236621,3.911629,4.342397,-7.125,30,0.21333333333333335,0.26166666666666666,0.2375
CNP0315998.1,C[C@@H]1C(=O)C2=C(C=C(CO)C(CCO)=C2CO)[C@H]1O,266.29,0.07,97.99,4,5,4,0,0.62,Sesquiterpenoids,Terpenoids,False,-5.714,-6.727,189813,2.1870713,6.4150176,-6.2205,19,0.3007368421052632,0.3540526315789474,0.3273947368421053
CNP0286503.4,O[C@@H]1CC[C@H]2C[C@H](O)[C@@H]1N2,143.19,-0.77,52.49,0,3,3,0,0.42,Ornithine alkaloids,Alkaloids,False,-4.629,-4.979,41360,0.45913494,4.563701,-4.804,10,0.4629,0.4979,0.4804
CNP0531833.0,COC1=C(C)C(OC)=C2C(=C1OC)C(CO)N1C(C#N)C3CC4C(C1C2N1CCOC41)N3C,456.54,1.05,90.66,4,9,1,0,0.71,Tyrosine alkaloids,Alkaloids,False,-5.768,-6.383,147098,0.99022394,4.9351773,-6.0755,33,0.17478787878787877,0.19342424242424242,0.1841060606060606
CNP0352521.1,CC(C)[C@]12C[C@@H]3CC[C@@H]4C5=C(CC[C@H]4[C@@]34O[C@H]4[C@H]1O2)C(=O)OC5,316.4,2.61,51.36,1,4,0,0,0.55,Diterpenoids,Terpenoids,False,-6.431,-9.403,154296,-0.17739032,6.3836546,-7.917,23,0.2796086956521739,0.4088260869565218,0.3442173913043478
CNP0091102.0,CC(C)C1(C=O)CC=CCC1,152.24,2.57,17.07,2,1,0,0,0.44,Monoterpenoids,Terpenoids,False,-4.764,-5.399,161828,1.1330655,5.7806005,-5.0815,11,0.43309090909090914,0.4908181818181818,0.4619545454545455
CNP0144904.1,C=C[C@H](CO)[C@H]1C=COCC1,154.21,1.33,29.46,3,2,1,0,0.62,Monoterpenoids,Terpenoids,False,-4.566,-5.01,4481,1.6008283,6.158197,-4.788,11,0.41509090909090907,0.45545454545454545,0.43527272727272726
CNP0605545.0,C1CCC2(C1)C1CN(CC3CC3)CC2CN(CC2CC2)C1,288.48,3.23,6.48,4,2,0,0,0.78,Lysine alkaloids,Alkaloids,False,-5.074,-7.151,6762,0.7935156,5.190012,-6.1125,21,0.24161904761904762,0.3405238095238095,0.29107142857142854
CNP0428794.1,CC1=CC2=C(C=C1Br)[C@]1(C)CC[C@@](C)(OO)[C@]1(C)O2,327.22,4.21,38.69,1,3,1,0,0.62,Sesquiterpenoids,Terpenoids,False,-5.373,-7.265,7009,0.38428128,6.5276847,-6.319,19,0.28278947368421053,0.3823684210526316,0.3325789473684211
CNP0285318.3,O=C(O[C@H]1CCN2C[C@H]3C[C@H](C(=O)N4C=CCC[C@@H]34)[C@@H]2C1)C1=CC=CN1,355.44,2.16,65.64,2,4,1,0,0.83,Lysine alkaloids,Alkaloids,False,-6.511,-8.471,45511,2.1629615,5.3582497,-7.491,26,0.2504230769230769,0.3258076923076923,0.2881153846153846
CNP0355614.1,C/C(C[C@H]1[C@@H](CC#N)C1(C)C)=N\O,180.25,2.41,56.38,3,3,1,0,0.41,Monoterpenoids,Terpenoids,False,-4.741,-5.537,85591,-0.57362527,5.4243016,-5.138999999999999,13,0.36469230769230765,0.4259230769230769,0.39530769230769225
CNP0221997.1,CC[C@H](O)CC[C@]1(CO)[C@H]2CCC3=C4[C@@H](CC3)[C@@H](CO)C[C@]41CN(C)C2,363.54,2.58,63.93,6,4,3,0,0.63,Pseudoalkaloids,Alkaloids,False,-5.061,-7.384,102424,0.8520618,5.1785865,-6.2225,26,0.19465384615384615,0.28400000000000003,0.2393269230769231
CNP0524390.1,C#CC#C/C=C1\C=CC2(CCCCO2)O1,200.24,1.99,18.46,0,2,0,0,0.56,Meroterpenoids,Terpenoids,False,-5.7,-6.406,251556,-0.40926665,5.621349,-6.053,15,0.38,0.42706666666666665,0.4035333333333333
CNP0435015.0,OCC1CC2=NC3=C(CCOC3CO)N=C2CO1,252.27,-0.48,84.7,2,6,2,0,0.74,Tetramate alkaloids,Alkaloids,False,-5.779,-6.563,95088,3.489913,5.2891984,-6.170999999999999,18,0.32105555555555554,0.3646111111111111,0.3428333333333333
CNP0321260.1,NCC(=O)NC(=O)C[C@@H]1C=CCCC1,196.25,0.33,72.19,3,3,2,0,0.64,Peptide alkaloids,Alkaloids,False,-5.572,-6.456,10833,2.1052177,4.955144,-6.014,14,0.398,0.4611428571428572,0.4295714285714286
CNP0205148.2,CC1=C[C@@](C)(/C=C/C(=O)O)[C@H]2C(C)=C[C@@]3(C)[C@@H](/C(C)=C\CO)O[C@@H]1[C@@]23C,358.48,3.89,66.76,4,3,2,0,0.59,Sesquiterpenoids,Terpenoids,False,-5.335,-8.154,22202,1.2686114,6.5442157,-6.7445,26,0.2051923076923077,0.31361538461538463,0.25940384615384615
CNP0331846.2,COC1=CC[C@]2(CC[C@@]34NCC[C@@]23CC(=O)C(OC)=C4OC)C1=O,333.38,1.47,73.86,3,6,1,0,0.84,Tyrosine alkaloids,Alkaloids,False,-5.162,-7.947,71846,1.2818949,7.615476,-6.5545,24,0.21508333333333332,0.331125,0.27310416666666665
CNP0198945.1,CC1=C(C)C2=CC3=C(C=C2O1)O/C(=N/O)C=C3C,243.26,3.39,58.87,0,4,1,0,0.49,Coumarins,Phenolics,False,-6.345,-7.692,81536,2.3962173,6.237095,-7.0184999999999995,18,0.3525,0.42733333333333334,0.3899166666666667
CNP0338901.3,CC[C@@]1(C)C[C@](CCNCC2=CC=CC=C2)(C2=CC=C(C)C=C2)CCO1,351.53,5.39,21.26,7,2,1,1,0.68,Sesquiterpenoids,Terpenoids,False,-6.676,-7.84,151645,3.606319,6.9282026,-7.258,26,0.25676923076923075,0.30153846153846153,0.27915384615384614
CNP0073174.0,C=CC1=CC=C(OC(=O)C2=CC=C(O)C(N)=C2S)C=C1,287.34,3.13,72.55,3,5,3,0,0.27,Phenolic acids (C6-C1),Phenolics,False,-5.761,-6.858,189658,2.870052,6.4831786,-6.3095,20,0.28805000000000003,0.3429,0.315475
CNP0528647.1,[N]=C1N[C@@H](O)[C@H]2[C@H]3O[C@]4(O)O[C@@H]([C@@H](O)[C@@]2(N1)[C@H]4O)[C@]3(O)CO,318.26,-6.09,186.2,1,8,8,1,0.23,Guanidine alkaloids,Alkaloids,False,-6.216,-7.049,44355,0.83771616,6.474153,-6.6325,22,0.28254545454545454,0.3204090909090909,0.30147727272727276
CNP0483734.3,CSC[S@+]([O-])C[C@H](CO)NC(=O)/C=C/C1=C(C)N=C(O)N=C1O,361.45,-0.24,138.63,8,8,4,0,0.37,Peptide alkaloids,Alkaloids,False,-5.0,-6.92,28719,3.5384705,4.2961655,-5.96,23,0.21739130434782608,0.3008695652173913,0.25913043478260867
CNP0508915.1,O=C1NC2=CC=CC=C2/C1=C1/NC2=CC=CC=C2/C1=N\OCC[C@@H](O)CO,365.39,1.94,103.18,5,6,4,0,0.37,Tryptophan alkaloids,Alkaloids,False,-6.66,-8.095,211304,4.152797,7.419441,-7.3775,27,0.24666666666666667,0.2998148148148148,0.27324074074074073
CNP0497206.1,CC(=O)N1CCC(N[C@@H]2C[C@H](C(=O)N3CCCC3)[C@@H](O)[C@H]2C2=CN=C(C3CC3)N2)CC1,429.57,1.34,101.56,5,5,3,0,0.66,Lysine alkaloids,Alkaloids,False,-6.602,-9.36,38128,2.7377908,5.4757776,-7.981,31,0.21296774193548387,0.30193548387096775,0.2574516129032258
CNP0176963.3,C=C1CCC[C@]2(C)C[C@H]3OC(=O)[C@@H](CNCCCN4CCCC4=O)[C@H]3C[C@H]12,374.53,2.9,58.64,6,4,1,0,0.44,Sesquiterpenoids,Terpenoids,False,-6.567,-8.892,43835,-0.42763513,6.8035064,-7.7295,27,0.24322222222222223,0.3293333333333333,0.28627777777777774
CNP0243577.1,CC[C@@H](C)[C@@H](N)C(=O)N1CC[C@H]2OC3=CC=C(/C=C\NC(=O)[C@@H]4CCCN4C(=O)[C@H]21)C=C3,440.54,1.5,104.97,3,5,2,0,0.74,Peptide alkaloids,Alkaloids,False,-6.154,-8.814,18543,2.3702438,5.7065167,-7.484,32,0.1923125,0.2754375,0.233875
CNP0260515.2,CCCCCCC[C@@H]1C[C@@H]2CCC3=C(C(=O)OCCCCNC(=N)N)C(CCCCC)=NC(=N1)N32,486.71,5.04,116.16,16,6,3,1,0.12,Guanidine alkaloids,Alkaloids,False,-5.812,-6.907,2865,2.3212125,4.613606,-6.359500000000001,35,0.16605714285714288,0.19734285714285715,0.18170000000000003
CNP0298907.0,O=C1C=NN2C=CNC=C12,135.13,0.0,50.68,0,3,1,0,0.55,Nicotinic acid alkaloids,Alkaloids,False,-4.44,-4.314,14640,5.1269917,4.8689356,-4.377000000000001,10,0.44400000000000006,0.4314,0.43770000000000003
CNP0272401.8,C[C@H]1O[C@H]2OC(=O)[C@]3(C)CC4=C(CO)C5=C(CC(=O)[C@@]4(C)[C@H](C1=O)[C@H]23)C(C)(C)OC(=O)C5,444.48,1.79,116.2,1,8,1,0,0.61,Meroterpenoids,Terpenoids,False,-7.005,-7.452,21176,0.60976034,6.8705373,-7.2285,32,0.21890625,0.232875,0.225890625
CNP0345660.0,CN1C(=CC=CC2=CC=C3C=CC=CC3=N2)C=CC2=CC=CC=C21,310.4,5.3,16.13,2,2,0,1,0.64,Tryptophan alkaloids,Alkaloids,False,-7.724,-9.838,24368,4.8564196,6.736162,-8.780999999999999,24,0.32183333333333336,0.40991666666666665,0.365875
CNP0107760.1,C/C=C/C1=CC=C2OC(C3=C(OC)C=C(OC)C=C3OC)=CC2=C1,324.38,5.16,40.83,5,4,0,1,0.65,Isoflavonoids,Flavonoids,False,-6.123,-7.804,32575,3.301328,7.5643425,-6.9635,24,0.255125,0.32516666666666666,0.2901458333333333
CNP0284335.1,CC(C)[C@H]1CC[C@@]2(C)[C@@H]3CC[C@]45CCC[C@]46O[C@@H](C(=O)[C@]4(C)CO[C@@]7(C)CC[C@@H]4O7)C[C@@]62[C@H]1N(C3)C5,497.72,5.35,48.0,3,5,0,1,0.53,Pseudoalkaloids,Alkaloids,False,-6.929,-10.37,39754,-0.6647786,6.066187,-8.6495,36,0.19247222222222224,0.2880555555555555,0.2402638888888889
CNP0475646.1,CC1=C[C@@H](CN(C)CC2=CC=CN=C2)[C@H](C(C)C)C[C@H]1CC1=NN=C(C2=CC=NC=C2)O1,431.58,5.06,67.94,8,6,0,1,0.46,Nicotinic acid alkaloids,Alkaloids,False,-7.507,-8.919,41001,3.8838866,5.920754,-8.213000000000001,32,0.23459375,0.27871875,0.25665625000000003
CNP0484133.0,NC1=N[N+]([O-])=C2C=CC=CC2=[N+]1[O-],178.15,-0.92,92.79,0,4,1,0,0.42,Anthranilic acid alkaloids,Alkaloids,False,-5.546,-6.029,41121,5.3465667,6.6983085,-5.7875,13,0.4266153846153846,0.46376923076923077,0.44519230769230766
CNP0299013.1,C/C=C1/C(=O)C[C@@]2(C)[C@]3(C)CC[C@H]4C(C)(C)[C@@H](N(C)C)CC[C@@]45C[C@]53CC[C@]12C,397.65,6.25,20.31,1,2,0,1,0.49,Pseudoalkaloids,Alkaloids,False,-5.96,-9.157,49274,0.32210627,6.5260825,-7.5585,29,0.20551724137931035,0.31575862068965516,0.26063793103448274
CNP0345146.0,ClC1=CC=C2C=C1OCCCCCON1CCN(CC1)CC1CNC3=NC=NC(=C31)N2,444.97,3.49,74.78,0,8,2,0,0.64,Tryptophan alkaloids,Alkaloids,False,-6.924,-8.141,55263,3.4783425,6.8061314,-7.532500000000001,31,0.22335483870967743,0.26261290322580644,0.24298387096774193
CNP0129653.1,C=C(C(O)/C=C/C(C)(C)O)[C@@H]1C[C@@H](O)[C@@]2(C)[C@@H]1[C@@H]1[C@H](C)CC[C@@H]12,320.47,2.91,60.69,4,3,3,0,0.7,Diterpenoids,Terpenoids,False,-5.732,-7.833,64599,-0.220439,6.1926804,-6.782500000000001,23,0.24921739130434784,0.34056521739130435,0.29489130434782607
CNP0072275.2,CO[C@@H](C1=CNC2=CC=CC=C12)[C@@H]1NC(=O)[C@@]23C(=O)CC[C@H](O)C(=O)C(C)=C[C@@H](C)CC=C[C@H]2C=C(C)[C@@H](C)[C@@H]13,544.69,4.99,108.49,3,5,3,1,0.37,Pseudoalkaloids,Alkaloids,False,-7.578,-9.279,74534,2.971186,6.676909,-8.4285,40,0.18945,0.231975,0.2107125
CNP0451571.0,NN(CC(N)(N)N)CC(N)(N)N,178.24,-4.78,185.38,4,8,7,1,0.13,Ornithine alkaloids,Alkaloids,False,-4.513,-4.697,86147,2.218814,3.5847309,-4.605,12,0.3760833333333333,0.3914166666666667,0.38375000000000004
CNP0036237.0,C1=NC2=NCCN=C2C=N1,134.14,-1.27,50.5,0,4,0,0,0.44,Pseudoalkaloids,Alkaloids,False,-4.379,-4.432,89513,5.3439584,5.41243,-4.4055,10,0.43789999999999996,0.44320000000000004,0.44055
CNP0129805.1,C/C=C1/CCC(C)=C2C=CC(C)=C2C1,186.3,4.32,0.0,0,0,0,0,0.49,Sesquiterpenoids,Terpenoids,False,-6.155,-7.291,121180,1.248694,6.033061,-6.723000000000001,14,0.43964285714285717,0.5207857142857143,0.4802142857142857
CNP0428769.1,C=C(C)C[C@@H]1C[C@@H]1[C@@H]1OC2=C(Br)C[C@@H](C=C=CBr)O[C@H]21,402.13,4.82,18.46,4,2,0,0,0.5,Sesquiterpenoids,Terpenoids,False,-6.139,-7.446,133919,0.35819638,5.328489,-6.7925,20,0.30695,0.37229999999999996,0.33962499999999995
CNP0204409.2,CC(=C/C=C(Cl)/C(C)=C/C=O)CCl,219.11,3.44,17.07,4,1,0,0,0.31,Monoterpenoids,Terpenoids,False,-4.671,-5.797,136928,1.9807088,4.407619,-5.234,13,0.35930769230769233,0.4459230769230769,0.4026153846153846
CNP0517718.0,NC(N)C1=CC=C2C(=C1)NC1=[N+]2[Zn][N+]2=C(NC3=CC(C(N)N)=CC=C32)C1=O,415.78,-1.09,160.49,2,5,6,1,0.16,Pseudoalkaloids,Alkaloids,False,-7.283,-8.634,173674,4.564396,5.1554284,-7.958500000000001,27,0.2697407407407408,0.31977777777777777,0.2947592592592593
CNP0604899.0,CN(C)CCC1=CNC=N1,139.2,0.51,31.92,3,2,1,0,0.66,Histidine alkaloids,Alkaloids,False,-3.808,-4.15,175379,4.762115,5.671543,-3.979,10,0.38079999999999997,0.41500000000000004,0.39790000000000003
CNP0175548.0,COC1=CC2=C3NC(=O)C=CC=C3C(=O)C2=C2N=CC=C12,278.27,0.11,67.76,1,4,1,0,0.79,Tryptophan alkaloids,Alkaloids,False,-6.926,-8.059,212134,3.2734663,7.942457,-7.4925,21,0.32980952380952383,0.38376190476190475,0.35678571428571426
CNP0289196.0,CC(C)(C)NC1=NC(NC(C)(C)C)=NC(N2CCCCC2)=N1,306.46,3.28,65.97,3,6,2,0,0.89,Pseudoalkaloids,Alkaloids,False,-5.495,-7.418,220365,1.9076995,4.713764,-6.4565,22,0.24977272727272729,0.3371818181818182,0.29347727272727275
CNP0150355.1,NCC[C@@H](CN)C[C@@H](CN)CCN,188.32,-0.78,104.08,8,4,4,0,0.4,Ornithine alkaloids,Alkaloids,False,-4.551,-5.033,240779,2.8944213,3.6718202,-4.792,13,0.35007692307692306,0.3871538461538462,0.3686153846153846
CNP0471405.1,CN(C)[C@H]1CCCC[C@H](N(C)C)CCCC1,226.41,2.98,6.48,2,2,0,0,0.71,Pseudoalkaloids,Alkaloids,False,-4.642,-6.135,245146,1.26526,4.5083885,-5.3885000000000005,16,0.290125,0.3834375,0.33678125000000003
CNP0468987.1,CN(C)/C=C(\C(=O)NC1=C(F)C(F)=C(F)C(F)=C1F)C(F)(F)F,348.19,3.33,32.34,3,2,1,0,0.39,Pseudoalkaloids,Alkaloids,False,-6.628,-7.409,257842,3.0051515,3.5711956,-7.0184999999999995,23,0.2881739130434783,0.32213043478260867,0.3051521739130435
CNP0087845.1,CNCC1=CC(O)=CC2=C1C[C@H]1CCC[C@@H](C1)[C@@]13C[C@H]4CCC[C@@](C)(O1)[C@H]4[C@@](N)(CCO)[C@@H]3C#CC2,492.7,4.06,87.74,4,5,4,0,0.48,Pseudoalkaloids,Alkaloids,False,-7.021,-8.23,268002,0.35072666,7.5810895,-7.625500000000001,36,0.19502777777777777,0.22861111111111113,0.21181944444444445
CNP0357356.1,CC1=C2C[C@@](C)(CO[C@H]3OC(=O)[C@]45C[C@@H]6CC(C)(C)CC6=C(C=O)[C@]34C5)C[C@H]2C[C@]2(C)CC[C@]12O,480.65,5.27,72.83,4,5,1,1,0.34,Sesquiterpenoids,Terpenoids,False,-7.52,-10.1,208384,0.5706929,7.328407,-8.809999999999999,35,0.21485714285714286,0.28857142857142853,0.25171428571428567
CNP0349528.1,O=C(CCCC[C@@H]1SC[C@@H]2NC(=O)N[C@@H]21)NC1=NC(C2=CC=NC=C2)=CS1,403.53,2.87,96.01,7,6,3,0,0.49,Nicotinic acid alkaloids,Alkaloids,False,-6.335,-8.334,42449,3.8080516,6.088489,-7.3345,27,0.23462962962962963,0.30866666666666664,0.27164814814814814
CNP0588890.1,CC(=O)O[C@@H]1CC[N+]2([O-])CC=C(COC(=O)[C@@](O)([C@H](C)O)C(C)(C)O)[C@H]12,373.4,-0.63,136.35,6,8,3,0,0.24,Ornithine alkaloids,Alkaloids,False,-5.475,-6.776,1024,2.5538197,4.7540693,-6.1255,26,0.21057692307692305,0.2606153846153846,0.23559615384615382
CNP0328213.1,CO/C=C/C(=O)C1=CC2=C3C(=C(N)C=C(NC(=O)C(C)C)C3=N1)N=C2,338.37,2.82,106.67,5,6,2,0,0.32,Anthranilic acid alkaloids,Alkaloids,False,-6.273,-7.794,3756,3.8816283,5.167331,-7.0335,25,0.25092,0.31176,0.28134
CNP0591158.0,CC1=C2CC3C(CC=C4CC(O)CCC43C)C2CC2OC3CC(C)CNC3C(C)C12,411.63,4.86,41.49,0,3,2,0,0.56,Pseudoalkaloids,Alkaloids,False,-6.935,-10.71,31874,-0.1658474,6.654684,-8.8225,30,0.23116666666666666,0.35700000000000004,0.29408333333333336
CNP0550309.0,NC1=NC(C2=CC=CN=C2)=CC2=NC(C3=CC=CO3)=NN12,278.27,2.03,95.13,2,7,1,0,0.6,Nicotinic acid alkaloids,Alkaloids,False,-5.919,-7.948,231721,5.359119,5.499777,-6.9335,21,0.28185714285714286,0.3784761904761905,0.3301666666666667
CNP0105560.0,C=C(C)COC1=NC(C(C)C)=C2COC(C)(C)CC2=C1C#N,300.4,3.88,55.14,4,4,0,0,0.79,Monoterpenoids,Terpenoids,False,-5.475,-7.023,42328,-0.6423635,5.480843,-6.249,22,0.24886363636363634,0.3192272727272727,0.2840454545454545
CNP0322525.1,C=C1C=C[C@H]2[C@H](C)CCC(=C(C)C)[C@H]2C1,202.34,4.5,0.0,0,0,0,0,0.51,Sesquiterpenoids,Terpenoids,False,-6.081,-7.075,48066,0.46069697,5.6208,-6.578,15,0.40540000000000004,0.4716666666666667,0.43853333333333333
CNP0479694.1,C[C@@H](C1=CN2C=CN=C2C=C1)N1N=NC2=NC=C(C3=CN(C)N=C3)N=C21,345.37,1.88,91.61,3,9,0,0,0.5,Nicotinic acid alkaloids,Alkaloids,False,-7.107,-8.43,57906,4.0244555,5.7753997,-7.7684999999999995,26,0.27334615384615385,0.3242307692307692,0.2987884615384615
CNP0461222.2,C[C@]1(C2=CC=CS2)CC(C2=CC=CC2)=NC2=CC=CC=C2N1,306.43,5.44,24.39,2,3,1,1,0.78,Tryptophan alkaloids,Alkaloids,False,-6.303,-8.996,4035,4.047051,7.6695027,-7.6495,22,0.2865,0.40890909090909094,0.34770454545454543
CNP0466069.1,NO[S@@](=O)/N=C(/N)CCSCC1=CSC(N=C(N)N)=N1,337.46,-0.5,167.99,8,7,4,0,0.21,Ornithine alkaloids,Alkaloids,False,-5.016,-5.706,18093,3.7969189,4.6565766,-5.361000000000001,20,0.2508,0.2853,0.26805
CNP0356385.1,CCN(CC)CC1=C(C(=O)N/N=C/C2=CC(OC)=C(OC)C(OC)=C2)N(C2=NON=C2N)N=N1,473.49,0.86,168.04,11,13,2,1,0.3,Pseudoalkaloids,Alkaloids,False,-6.722,-7.69,199529,3.4528165,7.474337,-7.206,34,0.19770588235294118,0.2261764705882353,0.21194117647058824
CNP0077944.1,CC1=C2OC[C@@H](C)C3C(=O)C[C@H](C)C(=C(O)C1=O)C23,262.3,2.16,63.6,0,4,1,0,0.73,Sesquiterpenoids,Terpenoids,False,-5.918,-7.797,208790,0.5838114,5.977288,-6.8575,19,0.31147368421052635,0.41036842105263155,0.3609210526315789
CNP0563398.0,O=C(O)C1=CC=C(N=C2N=CN=C3NNC=C32)C=C1,255.24,1.17,107.02,2,4,3,0,0.64,Pseudoalkaloids,Alkaloids,False,-6.143,-7.746,55816,4.6619678,6.1457343,-6.9445,19,0.3233157894736842,0.4076842105263158,0.36550000000000005
CNP0342766.0,CC1=CC=C2OC=C(C3CC(=O)OC4=C3OC(C)=CC4=O)C(=O)C2=C1,338.32,2.8,86.72,1,6,0,0,0.63,Chromanes,Phenolics,False,-7.694,-9.249,188000,2.744629,7.227284,-8.4715,25,0.30776,0.36996,0.33886
CNP0598020.1,C1=CO/C(=C\N2CCOCC2)CC1,181.23,1.48,21.7,1,3,0,0,0.61,Lysine alkaloids,Alkaloids,False,-4.876,-5.301,255246,2.9254715,6.4852395,-5.0885,13,0.3750769230769231,0.4077692307692308,0.39142307692307693
CNP0526383.0,O=[N+]([O-])C1=CC=C(NC2C(O)CC3C4CC5=CC=C(O)C6=C5C3(CCN4CC3CC3)C2O6)C2=NON=C12,505.53,2.74,147.02,5,10,3,1,0.35,Tyrosine alkaloids,Alkaloids,False,-7.033,-9.72,91664,1.8983521,6.6843095,-8.3765,37,0.1900810810810811,0.26270270270270274,0.2263918918918919
CNP0102021.1,CC(=O)C1=C(C)C=C2C=C(C(=O)O)C=C(O[C@@H]3O[C@H](CO)[C@]4(C[C@@H]5C6=C(CC=C6[C@H]6COC[C@H]7CCC[C@@H]5[C@@H]76)CO4)[C@H](O)[C@H]3O)C2=C1O,662.73,3.67,172.21,5,10,5,1,0.3,Tryptophan alkaloids,Alkaloids,False,-8.261,-10.24,171498,0.77143645,7.433081,-9.250499999999999,48,0.17210416666666664,0.21333333333333335,0.19271875
CNP0271264.0,CCNC1=CC(CO)=CC2=NC=NN12,192.22,0.65,62.45,3,5,2,0,0.75,Pseudoalkaloids,Alkaloids,False,-5.075,-5.785,243434,4.20278,5.1623983,-5.43,14,0.3625,0.4132142857142857,0.38785714285714284
CNP0559444.1,C[C@H](OS(=O)(=O)O)[C@H](O)C1=CNC2=NC(=N)N(C)C(=O)C2=N1,331.31,-1.67,171.25,4,9,4,0,0.48,Pseudoalkaloids,Alkaloids,False,-5.736,-6.968,257936,3.7906606,3.990247,-6.352,22,0.2607272727272727,0.31672727272727275,0.2887272727272727
CNP0101842.1,CNC[C@]12C=C[C@@H]3[C@@]4(O)C(=O)CCCC[C@@H]5CC[C@@H]6CC(=C4C(=O)O)[C@@]53[C@]61CN(C(=N)NC)C=C2,480.61,2.03,125.75,3,5,5,0,0.24,Pseudoalkaloids,Alkaloids,False,-5.671,-7.361,4766,1.806263,6.334442,-6.516,35,0.16202857142857144,0.2103142857142857,0.18617142857142857
CNP0612038.0,O=C1C=CC(NO)=N1,112.09,-0.54,61.69,0,3,2,0,0.41,Anthranilic acid alkaloids,Alkaloids,False,-4.235,-4.812,138622,4.485727,4.081644,-4.5235,8,0.529375,0.6015,0.5654375
CNP0356328.1,C/C=C(/CO)C1=C(C(O)CO)C(C)(C)C[C@]1(C)CO,270.37,1.0,80.92,5,4,4,0,0.6,Sesquiterpenoids,Terpenoids,False,-4.441,-6.241,185295,0.28983217,6.200892,-5.340999999999999,19,0.23373684210526316,0.3284736842105263,0.28110526315789475
CNP0389085.1,OCC[C@H]1CCC(CO)=C1CO,172.22,0.06,60.69,4,3,3,0,0.53,Monoterpenoids,Terpenoids,False,-5.144,-4.938,228549,1.3120617,5.6789436,-5.041,12,0.4286666666666667,0.4115,0.42008333333333336
CNP0401624.1,[O-][N@+]12CCCC3(O)CCCCCC[C@@H]4CCN5CCC[C@](O)(CCCCCC[C@H](CC1)O[C@@H]32)[C@@H]5O4,494.72,4.58,85.22,0,6,2,0,0.38,Lysine alkaloids,Alkaloids,False,-7.618,-8.738,145385,0.6632203,5.2745657,-8.178,35,0.21765714285714285,0.24965714285714286,0.23365714285714284
CNP0442068.0,O=C(COC(=O)C1=CC=C(Br)C=C1)C1=CC=C(I)C=C1,445.05,4.09,43.37,4,3,0,0,0.4,Flavonoids,Flavonoids,False,-6.099,-7.456,177670,3.969415,4.8884053,-6.7775,20,0.30495,0.3728,0.33887500000000004
CNP0611506.1,CC/C=C/C1=C2NC(=N)N[C@H]3CC[C@@H](C[C@@H]1C)[C@@H]23,245.37,2.77,47.91,2,1,3,0,0.7,Pseudoalkaloids,Alkaloids,False,-5.97,-7.953,201240,0.6453519,4.334651,-6.9615,18,0.33166666666666667,0.44183333333333336,0.38675000000000004
CNP0494059.1,CCOC1=CC=C(CCN2[C@H](C3=CC=CC=C3)[C@H](CC)N3[C@H]4C(=O)N(C)C(=O)N(C)[C@H]4N[C@@H]23)C=C1OCC,521.66,3.27,77.59,9,7,1,1,0.54,Pseudoalkaloids,Alkaloids,False,-6.524,-8.642,218063,3.2493973,7.1635513,-7.583,38,0.1716842105263158,0.22742105263157894,0.19955263157894737
CNP0166394.0,COC1=C2N=CN=NC2=NN1,151.13,-0.24,76.58,1,5,1,0,0.61,Pseudoalkaloids,Alkaloids,False,-4.471,-4.781,8360,5.2984667,5.4222727,-4.6259999999999994,11,0.40645454545454546,0.4346363636363636,0.42054545454545456
CNP0283416.0,CC1=C2N=NOC=C2C=N1,135.13,0.88,51.81,0,4,0,0,0.54,Nicotinic acid alkaloids,Alkaloids,False,-4.572,-5.208,144086,5.4785557,5.118807,-4.890000000000001,10,0.4572,0.5208,0.489
CNP0581238.0,CC12CC3CC(C)(C1)CC([N+](=O)[O-])(C3)C2,209.29,3.01,43.14,1,2,0,0,0.49,Sesquiterpenoids,Terpenoids,False,-5.426,-6.976,238920,-0.06519604,5.0982842,-6.2010000000000005,15,0.36173333333333335,0.4650666666666667,0.4134
CNP0470505.0,BrC1=CC=C2C(=C1)C1(CCCCC1)C1=NCCCN12,319.25,4.27,15.6,0,2,0,0,0.7,Tryptophan alkaloids,Alkaloids,False,-6.045,-8.328,17047,3.567433,5.501384,-7.1865,19,0.3181578947368421,0.43831578947368416,0.3782368421052631
CNP0564339.0,C[O+]=C1C2=CN(C)CCC2=CC2=C1OCO2,220.25,1.1,33.0,0,3,0,0,0.57,Tyrosine alkaloids,Alkaloids,False,-5.487,-6.693,25788,1.9826847,7.819405,-6.09,16,0.3429375,0.4183125,0.380625
CNP0490876.1,O=C1C(CC[S@+]([O-])C2=CC=CC=C2)=C(O)N(C2=CC=CC=C2)N1C1=CC=CC=C1,404.49,3.68,70.22,6,5,1,0,0.5,Anthranilic acid alkaloids,Alkaloids,False,-6.829,-9.158,35742,4.5515885,6.961235,-7.993499999999999,29,0.23548275862068965,0.3157931034482758,0.27563793103448275
CNP0599466.2,CC(C)[N@+]1(CC2=CC=CC=C2)C2=C(CN(C)CC2)C2=CC=CC=C21,319.47,4.66,3.24,3,1,0,0,0.74,Tryptophan alkaloids,Alkaloids,False,-5.764,-8.292,117457,3.7367048,6.8662047,-7.0280000000000005,24,0.24016666666666667,0.3455,0.29283333333333333
CNP0417205.1,O=C1CC=C2[C@@H]3N1C1=C(O)C=CC=C1[C@@]31CCNC/C(=C/CO)[C@]2(O)CC1=O,382.42,0.29,110.1,1,6,4,0,0.52,Tryptophan alkaloids,Alkaloids,False,-6.524,-8.502,3968,1.8072892,7.1212125,-7.513,28,0.233,0.30364285714285716,0.2683214285714286
CNP0321337.1,CC1=C(C)C(C)=C2C(=C1C)C[C@]2(C)O,190.29,2.68,20.23,0,1,1,0,0.67,Sesquiterpenoids,Terpenoids,False,-6.436,-7.119,6196,0.36477524,5.811117,-6.7775,14,0.4597142857142857,0.5085,0.48410714285714285
CNP0270807.4,CC1(C)CCC[C@@]2(C)C3CC4C(C31)[C@]42C,204.36,4.1,0.0,0,0,0,0,0.56,Sesquiterpenoids,Terpenoids,False,-4.779,-7.488,42054,-0.65112257,6.0545363,-6.1335,15,0.3186,0.49920000000000003,0.40890000000000004
CNP0311151.0,COC1=C(OC)C2=C3C(=C1OC)C(=O)OC1=C4OCOC4=C(OC)C(=C13)C(=O)O2,402.31,2.25,115.8,4,10,0,0,0.37,Coumarins,Phenolics,False,-6.228,-7.916,54367,1.9186579,7.7919507,-7.072,29,0.21475862068965518,0.2729655172413793,0.24386206896551724
CNP0065073.1,CC(C)/N=C(\NC#N)NC(C)C,168.24,0.82,60.21,2,2,2,0,0.28,Pseudoalkaloids,Alkaloids,False,-4.518,-5.229,85936,3.7584848,4.3349066,-4.8735,12,0.3765,0.43575,0.406125
CNP0283177.1,CC(C)NC[C@H](O)COC1=CC=C(CC(=N)O)C=C1,266.34,1.5,85.57,8,4,4,0,0.42,Pseudoalkaloids,Alkaloids,False,-5.458,-6.047,91978,3.4142828,5.3241234,-5.7524999999999995,19,0.28726315789473683,0.3182631578947368,0.30276315789473685
CNP0581313.0,CC1=CC(C)=CC(C[N+]2=CC(C)=CC(C)=C2)=C1,226.34,3.26,3.88,2,0,0,0,0.69,Nicotinic acid alkaloids,Alkaloids,False,-6.007,-7.494,190807,4.1582713,5.9385557,-6.7505,17,0.3533529411764706,0.44082352941176467,0.39708823529411763
CNP0112710.0,ON1C=C2C=NN=CC2=C1,135.13,0.67,50.94,0,4,1,0,0.54,Nicotinic acid alkaloids,Alkaloids,False,-4.426,-4.85,220299,5.1326923,4.7711945,-4.638,10,0.4426,0.485,0.4638
CNP0263210.1,C/C1=C/CN2C=C3C[C@@H](CO)/N=C(/O)[C@H](C(C)C)N(C)C4=C3C2=C(C=C4)[C@@H](C(C)(C)C)CC1,451.66,5.85,60.99,2,4,2,1,0.56,Tryptophan alkaloids,Alkaloids,False,-5.744,-8.387,240237,3.1508672,5.765038,-7.0655,33,0.17406060606060605,0.2541515151515152,0.21410606060606063
CNP0227814.2,OC1=CC=CC=C1/C=N/[C@H]1[C@@H]2CCC[C@H]1C1=C(CCCC1)C2,295.43,4.87,32.59,2,2,1,0,0.61,Diterpenoids,Terpenoids,False,-6.652,-8.889,62519,2.5652196,6.3796654,-7.7705,22,0.3023636363636364,0.40404545454545454,0.3532045454545455
CNP0343289.0,COC1=CC2=C(C=C1O)NC(C(=O)N1CC3CC34C1=CC(=O)C1=C4C=C(C(=O)N3CCC4=C3C(O)=C(OC)C3=C4C=C(SC(C)=O)N3)C1)=C2,678.72,4.86,165.26,5,9,4,1,0.22,Tryptophan alkaloids,Alkaloids,False,-8.732,-9.814,72073,2.541401,7.9285035,-9.273,49,0.17820408163265306,0.2002857142857143,0.18924489795918367
CNP0497449.1,C[C@H](O)[C@@]12C[N+](C)([O-])C3C[C@]14C(=NC1=CC=CC=C14)C1CC2[C@@H]3CO1,340.42,2.14,64.88,1,4,1,0,0.63,Tryptophan alkaloids,Alkaloids,False,-5.623,-8.385,57699,3.2953382,7.0208964,-7.004,25,0.22492,0.3354,0.28015999999999996
CNP0609242.0,N=C1CCC(C(=O)NC2=CNC(C(=O)N=CC=C(N)N)=C2)N1,303.33,-0.35,162.24,4,5,6,1,0.42,Pseudoalkaloids,Alkaloids,False,-6.244,-7.667,204109,3.8726456,4.4839706,-6.9555,22,0.2838181818181818,0.3485,0.3161590909090909
CNP0133994.1,C[C@H]1C[C@H]2C[C@]3(C)O[C@@H]3[C@@]3(C)OOC(C)(C)/C3=C/C[C@]3(C)CC[C@]1(O2)O3,364.48,4.05,49.45,0,5,0,0,0.37,Sesquiterpenoids,Terpenoids,False,-5.539,-8.206,13084,-0.35443822,6.896934,-6.8725,26,0.21303846153846154,0.3156153846153846,0.26432692307692307
CNP0452806.3,C/C(=N\[C@@H]1CSC[C@@H]1O)C1=C(O)C[C@H]2[C@@H]1C2(C)C,267.39,2.41,52.82,2,4,2,0,0.76,Monoterpenoids,Terpenoids,False,-5.047,-6.867,85798,-0.11384137,5.945209,-5.957,18,0.28038888888888885,0.3815,0.33094444444444443
CNP0167980.0,CC(C)=CCN(CC=C(C)C)C(=N)N,195.31,2.11,53.11,4,1,2,0,0.41,Sesquiterpenoids,Terpenoids,False,-5.346,-6.11,93075,1.9751784,4.3906465,-5.728,14,0.38185714285714284,0.43642857142857144,0.40914285714285714
CNP0428306.0,ClC1=C(Cl)C2=CC=C(I)C(Cl)=C2N1,346.38,4.73,15.79,0,0,1,0,0.66,Proline alkaloids,Alkaloids,False,-5.475,-5.942,124879,4.5169973,5.8682137,-5.7085,13,0.4211538461538461,0.4570769230769231,0.4391153846153846
CNP0070284.1,C1=NC[C@@H](C2=CC=C([C@@H]3CN=CC=N3)C=C2)N=C1,238.29,2.08,49.44,2,4,0,0,0.76,Nicotinic acid alkaloids,Alkaloids,False,-5.854,-6.94,142568,4.887699,5.3709536,-6.397,18,0.32522222222222225,0.3855555555555556,0.3553888888888889
CNP0406293.1,CO[C@H](C)C(C)(C)OC,132.2,1.45,18.46,3,2,0,0,0.58,Monoterpenoids,Terpenoids,False,-3.924,-3.74,220839,2.490759,3.864064,-3.832,9,0.436,0.41555555555555557,0.4257777777777778
CNP0257795.2,CC1=CC[C@@H]([C@](C)(O)[C@H]2CC[C@@]3(C)[C@@H]4CC[C@H]5C(C)(C)OC(=O)C=C[C@@]56C[C@@]46CC[C@]23C)OC1=O,482.66,5.51,72.83,2,5,1,1,0.53,Triterpenoids,Terpenoids,False,-7.465,-9.667,23232,0.16042839,7.347785,-8.565999999999999,35,0.21328571428571427,0.2762,0.24474285714285715
CNP0267126.1,CC(C)=C[C@@H]1OC(=O)[C@H](/C=C/C/C(C)=C/CCC2=CC(=O)OC2)[C@@H]1O,346.42,3.01,72.83,7,5,1,0,0.57,Monoterpenoids,Terpenoids,False,-6.659,-7.951,58301,0.980052,6.3395576,-7.305,25,0.26636,0.31804,0.2922
CNP0445140.1,C=C(C)[C@@H]1CC=C2C(=CC[C@]3(C)[C@@H]([C@@H](CCC(=C)[C@@](C)(O)CO)C(=O)O)[C@H](O)C[C@@]23C)[C@@]1(C)CCC(=O)O,530.7,4.88,135.29,11,5,5,1,0.24,Triterpenoids,Terpenoids,False,-5.367,-7.763,183209,0.19971134,6.1881227,-6.5649999999999995,38,0.14123684210526316,0.20428947368421052,0.17276315789473684
CNP0556035.1,CC(C)=CC(=O)NC1=CC(=O)[C@]2(C)[C@H](O)[C@@H](SC3=NCC(C[C@@H](C(=O)O)[N+](C)(C)C)=N3)[C@H](C)N12,492.62,0.78,131.66,7,8,3,0,0.35,Ornithine alkaloids,Alkaloids,False,-6.094,-8.512,211594,0.3394662,6.669073,-7.303000000000001,34,0.17923529411764708,0.2503529411764706,0.21479411764705886
CNP0558567.0,C1=CC=C2NC3=C(NC2=C1)C1=CC=C2CCCCC2=C1C1=C2C=CC=CC2=CC=C31,386.5,7.83,24.06,0,2,2,1,0.26,Tyrosine alkaloids,Alkaloids,False,-8.9,-12.0,175091,4.87871,6.834686,-10.45,30,0.2966666666666667,0.4,0.3483333333333334
CNP0540499.0,O=C1C=C(CN2C=C[NH+]=C2)C2=CC3=C(C=C2O1)CCC3,267.31,1.95,49.28,2,3,0,0,0.67,Coumarins,Phenolics,False,-6.641,-8.104,240725,2.9061618,6.4597163,-7.3725,20,0.33205,0.40519999999999995,0.368625
CNP0267816.1,CC1=C/C(=C/CCCN2CCCC[C@@]23C=C(C)C(=O)N3)NC1=O,315.42,1.98,61.44,4,3,2,0,0.78,Lysine alkaloids,Alkaloids,False,-6.721,-8.327,122713,2.1875525,6.771786,-7.524,23,0.2922173913043478,0.3620434782608696,0.3271304347826087
CNP0263778.0,CC1=CC=C(C=O)N1,109.13,1.14,32.86,1,1,1,0,0.54,Proline alkaloids,Alkaloids,False,-4.137,-4.119,98443,4.4992943,4.9560432,-4.128,8,0.517125,0.514875,0.516
CNP0290038.1,CC1(C)CC=C[C@]2(C)C3=C(C=CO3)CC[C@H]12,216.32,4.09,13.14,0,1,0,0,0.6,Diterpenoids,Terpenoids,False,-4.94,-7.365,107751,-0.12416272,6.740463,-6.1525,16,0.30875,0.4603125,0.38453125
CNP0125903.1,C=C[C@]1(C)CC[C@@]23[C@H](CC[C@@]4(O[C@@H]2OC)[C@H]3CCCC4(C)C)C1,318.5,5.33,18.46,2,2,0,1,0.64,Diterpenoids,Terpenoids,False,-5.865,-8.404,15676,-0.5617132,6.1819663,-7.1345,23,0.255,0.3653913043478261,0.31019565217391304
CNP0251608.1,C=C[C@@](C)(O)CC/C=C(\CO)C(=O)O,200.23,0.71,77.76,6,3,3,0,0.44,Monoterpenoids,Terpenoids,False,-4.851,-5.646,176836,2.6415956,3.7339604,-5.2485,14,0.3465,0.4032857142857143,0.37489285714285714
CNP0136172.7,O=C1C[C@@H]2/C(=C(O)\C=C\C3=CC=CC=C3)C(=O)[C@H]3[C@H]([C@@H]4C=C5O[C@H](C6=CC=CC=C6)CC(=O)[C@@]53[C@H]3CC(=O)O[C@@H]43)[C@@H]2O1,564.59,4.43,116.2,3,8,1,1,0.33,Flavonoids,Flavonoids,False,-8.454,-9.689,39040,2.8138912,6.707659,-9.0715,42,0.2012857142857143,0.2306904761904762,0.21598809523809526
CNP0426943.1,C[C@@]12CCCC3=COC(=C31)C(=O)C1=CC3=C(C=C12)CC1=C2N(CCS1(=O)=O)[C@@H](O)C[C@]23O,453.52,1.87,108.05,0,7,2,0,0.63,Tryptophan alkaloids,Alkaloids,False,-7.887,-10.61,61840,0.21737395,7.2877755,-9.2485,32,0.24646875,0.3315625,0.289015625
CNP0096096.1,COCCCO[C@H]1CC[C@@]2(C)[C@@H](C1)C(=O)C1=C3[C@@]24C#CC[C@H]2CN2C(=O)[C@H]2N[C@H](O)[C@H]5O[C@@H]([C@H](C)C5C25CCCC5)[C@@H](O)[C@@](C)(O)[C@H]2C[C@@H](CC1)[C@]3(O)[C@]2(C)CC4,791.04,3.64,157.79,5,10,5,1,0.16,Pseudoalkaloids,Alkaloids,False,-6.847,-8.175,104998,-0.3759655,7.0882826,-7.511000000000001,57,0.12012280701754387,0.14342105263157895,0.1317719298245614
CNP0167861.2,C[C@H]1[C@@H]2C3=CC4=C(C=C3O[C@]35OCOC3=CC(=O)C(=C[C@H]1C)[C@H]25)OCO4,354.36,2.89,63.22,0,6,0,0,0.71,Lignans,Phenolics,False,-7.286,-10.13,11498,1.8723564,7.697366,-8.708,26,0.2802307692307692,0.38961538461538464,0.33492307692307693
CNP0114554.1,CC1=CC=C2C1=C[C@H]([C@H](Br)C(C)C)C[C@H]2C,281.24,4.87,0.0,2,0,0,0,0.63,Sesquiterpenoids,Terpenoids,False,-5.895,-7.225,20717,0.33218327,5.613858,-6.56,16,0.3684375,0.4515625,0.41
CNP0578490.0,C1=CNC=C1,67.09,1.01,15.79,0,0,1,0,0.47,Proline alkaloids,Alkaloids,False,-3.115,-3.127,44009,5.1088576,5.9318833,-3.121,5,0.623,0.6254,0.6242
CNP0593555.0,CN1C=NC([N+](=O)[O-])=C1SC1=NC=NC2=C1N=CN2,277.27,1.15,115.42,3,8,1,0,0.43,Pseudoalkaloids,Alkaloids,False,-5.355,-6.546,48266,4.7827063,5.211378,-5.9505,19,0.2818421052631579,0.3445263157894737,0.3131842105263158
CNP0338160.0,S=P(N1CC1)(N1CC1)N1CC1,189.22,0.16,9.03,3,1,0,0,0.46,Lysine alkaloids,Alkaloids,False,-3.298,-3.884,55710,1.7144027,4.39792,-3.591,11,0.2998181818181818,0.35309090909090907,0.32645454545454544
CNP0124341.0,CC(C)CCCC1CC(=O)C(C(C)C)C(=O)C1,238.37,3.63,34.14,5,2,0,0,0.69,Monoterpenoids,Terpenoids,False,-5.387,-6.32,82130,1.613011,5.8947597,-5.8535,17,0.31688235294117645,0.37176470588235294,0.3443235294117647
CNP0546261.0,O=[N+]([O-])C1=CC=C(C2=NN=C(S)S2)O1,229.24,1.99,82.06,2,7,1,0,0.48,Isoflavonoids,Flavonoids,False,-5.055,-5.855,104278,4.8729954,6.6491985,-5.455,14,0.36107142857142854,0.41821428571428576,0.3896428571428572
CNP0200592.0,C1=CNCCC1,83.13,0.88,12.03,0,1,1,0,0.46,Lysine alkaloids,Alkaloids,False,-3.485,-3.516,113993,2.0054204,5.167841,-3.5004999999999997,6,0.5808333333333333,0.586,0.5834166666666667
CNP0317366.1,CO[P@@](=O)(O)OC1=NC(=O)CN1C,208.11,-0.42,88.43,2,5,1,0,0.62,Histidine alkaloids,Alkaloids,False,-4.599,-4.991,220497,3.2364247,4.4102416,-4.795,13,0.3537692307692308,0.3839230769230769,0.3688461538461538
CNP0469506.1,ClC1=NSS/C1=N\C1=CC=CC=N1,229.72,2.49,38.14,1,5,0,0,0.71,Nicotinic acid alkaloids,Alkaloids,False,-4.722,-5.692,225435,5.1396422,6.414954,-5.207000000000001,13,0.36323076923076925,0.4378461538461539,0.40053846153846157
CNP0354096.0,CC(C)(C)C1C=CC=C1,122.21,2.77,0.0,0,0,0,0,0.46,Monoterpenoids,Terpenoids,False,-4.345,-4.812,243729,1.6944791,3.6147723,-4.5785,9,0.48277777777777775,0.5346666666666667,0.5087222222222223
CNP0219379.1,C=C1COC[C@H]1O,100.12,-0.07,29.46,0,2,1,0,0.43,Monoterpenoids,Terpenoids,False,-3.671,-3.799,265741,0.6570197,5.5630646,-3.735,7,0.5244285714285714,0.5427142857142857,0.5335714285714286
CNP0138901.1,C[C@H]1CCC[C@@H]2C1=C[C@@H](C(C)(C)N=C=S)C[C@@H]2C,263.45,4.89,12.36,2,2,0,0,0.39,Sesquiterpenoids,Terpenoids,False,-5.291,-7.611,121448,0.07875368,5.573545,-6.4510000000000005,18,0.29394444444444445,0.42283333333333334,0.35838888888888887
CNP0601614.1,CCCCCCCN1C(N/N=C\C2=CC=C(Br)C=C2)=NC2=C1C(=O)NC(=O)N2C,461.36,3.6,97.07,9,7,2,0,0.29,Pseudoalkaloids,Alkaloids,False,-5.856,-7.966,172670,3.9677072,4.9843593,-6.911,29,0.20193103448275862,0.2746896551724138,0.2383103448275862
CNP0292906.1,C[C@H]1CC(C[C@@H]2CCC[C@H]3C[C@H](C)C[C@@H](C)N23)=C2CCCN[C@H]2C1,330.56,4.9,15.27,2,2,1,0,0.72,Lysine alkaloids,Alkaloids,False,-5.906,-8.161,186486,0.57369065,4.8789644,-7.0335,24,0.24608333333333332,0.34004166666666663,0.2930625
CNP0166473.1,CC1(C)[C@H](Cl)C=C/C(=C\CCl)[C@@H]1Cl,239.57,3.96,0.0,1,0,0,0,0.61,Monoterpenoids,Terpenoids,False,-4.094,-6.11,62427,-0.5087767,5.519215,-5.102,13,0.31492307692307697,0.47000000000000003,0.39246153846153853
CNP0168261.2,N#C/C(=C\N(O)C1=CC=CC=C1)C1=CC=CC=C1,236.27,3.45,47.26,3,3,1,0,0.66,Flavonoids,Flavonoids,False,-6.049,-7.344,101925,4.7527795,6.440683,-6.6965,18,0.33605555555555555,0.40800000000000003,0.3720277777777778
CNP0609399.1,C=C1C2=C(C[C@](C)(CO)C2)C(=O)[C@@]2(CCC3=C(CCO)C(C)=C4C[C@@](C)(C(=O)O)CC4=C3O2)C12CC2,492.61,3.79,104.06,4,5,3,0,0.59,Diterpenoids,Terpenoids,False,-6.772,-8.182,111146,0.8181662,6.69913,-7.477,36,0.18811111111111112,0.2272777777777778,0.20769444444444446
CNP0430959.1,CC1=C(CC[C@]2(C)[C@@H](C)CC[C@@H]3OC4(C)CCC32OC4(C)C)[C@]2(C)CCC(=O)C(C)(C)O[C@H]2CC1,486.74,7.33,44.76,3,4,0,1,0.39,Diterpenoids,Terpenoids,False,-6.917,-9.713,51331,-0.38691387,6.8848133,-8.315,35,0.19762857142857143,0.2775142857142857,0.23757142857142857
CNP0575497.0,CC(=O)NCCSC1=C2C=C(C(N)=O)NC3=C2C(=[N+]1C)C(=N)C(Cl)=C3N,393.88,0.63,141.73,5,5,5,0,0.19,Tryptophan alkaloids,Alkaloids,False,-6.361,-8.448,185757,3.807758,4.636288,-7.4045000000000005,26,0.24465384615384614,0.3249230769230769,0.28478846153846155
CNP0412296.0,CC(=O)N1CC2=C(C1=O)C(C1=CC=CC(OC3=NC=CC=N3)=C1)C1=CNC3=C1C(=CC=C3)N2,437.46,3.95,100.21,3,6,2,0,0.5,Tryptophan alkaloids,Alkaloids,False,-7.533,-11.15,250369,3.228511,7.1941123,-9.3415,33,0.2282727272727273,0.3378787878787879,0.2830757575757576
CNP0252331.3,C[C@H](C(=O)CCCC[C@H](O)[C@H](C)O)C(=O)N1C=CCC1,283.37,1.24,77.84,8,4,2,0,0.52,Proline alkaloids,Alkaloids,False,-5.176,-6.325,37851,2.6838431,4.3108487,-5.750500000000001,20,0.25880000000000003,0.31625000000000003,0.28752500000000003
CNP0537591.1,C=C(C)[C@@]12C[C@H](C)[C@]34O[C@]5(/C=C\C=C/C=C\CCCCCCCC[C@@H](C)C6[C@@H](C)C(=O)[C@](O)([C@@H](O)[C@]7(CO)O[C@@H]7[C@@H]3[C@@H]1O5)[C@H]64)O2,624.82,4.92,117.98,2,8,3,1,0.29,Diterpenoids,Terpenoids,False,-6.732,-6.53,89071,0.21706077,6.6272755,-6.631,45,0.1496,0.1451111111111111,0.14735555555555557
CNP0378324.1,C/C=C1\CO[C@@H]2CCN3CC=C(COC[C@@H](C)[C@H](C)C1)[C@H]23,291.44,3.02,21.7,0,3,0,0,0.64,Lysine alkaloids,Alkaloids,False,-5.832,-7.787,28740,0.8707042,5.6314006,-6.8095,21,0.2777142857142857,0.3708095238095238,0.32426190476190475
CNP0502469.1,CC(C)C1=NN2C(=N1)N[C@H]1CCCC[C@H]1C21CCCCC1,288.44,4.05,42.74,1,4,1,0,0.85,Lysine alkaloids,Alkaloids,False,-6.229,-8.842,122622,0.90553737,5.2740784,-7.535500000000001,21,0.2966190476190476,0.42104761904761906,0.35883333333333334
CNP0060412.2,CCO[P@@]1(=O)CCC[C@@H](C)C1,176.2,2.73,26.3,2,2,0,0,0.6,Monoterpenoids,Terpenoids,False,-4.49,-4.872,44249,1.1490846,4.5309334,-4.681,11,0.4081818181818182,0.4429090909090909,0.42554545454545456
CNP0206759.1,CSC1=NC(/C=C2/N=C(N)N(C)C2=O)=CN1C,251.31,0.27,76.51,2,6,1,0,0.6,Histidine alkaloids,Alkaloids,False,-5.249,-6.192,100892,4.3936434,4.557484,-5.7204999999999995,17,0.30876470588235294,0.36423529411764705,0.3365
CNP0287138.1,C=C1[C@H]2C[C@H]2[C@]2(C)[C@@H]3C[C@@]4(O)C5=C(C6=C(C)C(=O)O[C@]6(OC)[C@H](O)[C@@]5(C)[C@@H]5C[C@@H]54)[C@@]34OC(=O)C(C)=C4C[C@@H]12,518.61,3.12,102.29,1,7,2,1,0.41,Sesquiterpenoids,Terpenoids,False,-6.975,-7.699,127904,0.47275707,7.071056,-7.337,38,0.18355263157894736,0.20260526315789473,0.19307894736842104
CNP0286937.1,OCC(CO)(CO)CO[C@@H]1OCOCC1(CO)CO,282.29,-2.73,128.84,8,8,5,0,0.32,Monoterpenoids,Terpenoids,False,-4.937,-5.202,130740,0.20446464,5.05888,-5.0695,19,0.25984210526315793,0.2737894736842105,0.26681578947368423
CNP0494468.0,CCCNC(=S)NN,133.22,-0.27,50.08,2,2,3,0,0.28,Ornithine alkaloids,Alkaloids,False,-3.659,-4.27,152286,2.5894775,3.4702415,-3.9644999999999997,8,0.457375,0.53375,0.49556249999999996
CNP0572548.1,C[C@@H]1C[N@@+]23C[C@@]45CCC[C@H]4[C@@]4(CCC(=O)[O-])[C@@H]2[C@@H]1CC[C@@]4(C)[C@]3(O)CC5,359.51,2.05,60.36,3,3,1,0,0.78,Pseudoalkaloids,Alkaloids,False,-5.878,-8.884,192724,-0.43890357,6.29652,-7.381,26,0.2260769230769231,0.3416923076923077,0.2838846153846154
CNP0479615.1,CC(C)=C(/C=C/C(C)O)C(C)C,168.28,2.92,20.23,3,1,1,0,0.64,Monoterpenoids,Terpenoids,False,-4.452,-5.917,263472,2.4385228,4.108715,-5.1845,12,0.371,0.4930833333333333,0.43204166666666666
CNP0591419.1,CO[C@@H]1/C(=N/O)C[C@H]2O[C@]1(C)N1C3=CC=CC=C3C3=C4CN=C(O)C4=C4C5=CC=CC=C5N2C4=C31,466.5,5.17,93.5,1,7,2,1,0.26,Tryptophan alkaloids,Alkaloids,False,-7.202,-8.981,74518,4.4183855,7.446322,-8.0915,35,0.20577142857142858,0.2566,0.23118571428571427
CNP0328307.1,CC1=CC=C(CN2C(=O)[C@@H]3C[C@@H](O)CN3C3(CN(CC4=CC=CC=C4Cl)C3)C2=O)O1,429.9,1.8,77.23,4,6,1,0,0.75,Ornithine alkaloids,Alkaloids,False,-6.776,-9.36,155226,3.024532,6.12943,-8.068,30,0.22586666666666666,0.312,0.26893333333333336
CNP0472359.1,C#CCN(C)C(=O)C[C@@H]1CCNC[C@@H]1CC1=NOC(C(C)=O)=C1,317.39,1.13,75.44,6,5,1,0,0.63,Lysine alkaloids,Alkaloids,False,-6.145,-7.161,207066,2.6473134,5.6067433,-6.653,23,0.26717391304347826,0.3113478260869565,0.28926086956521735
CNP0262082.0,OC1=CC=C2C=C1OC1=CC=C(C=C1)CCC1=CC=CC(=C1)OC1=C(O)C=CC=C1CC2,424.5,6.57,58.92,0,4,2,1,0.34,Flavonoids,Flavonoids,False,-7.409,-8.828,56463,2.6808834,7.167681,-8.1185,32,0.23153125,0.275875,0.253703125
CNP0386303.1,O/N=C(/CC1=CC=CC=C1F)C1=CC=C(O)C=C1O,261.25,2.66,73.05,3,4,3,0,0.45,Flavonoids,Flavonoids,False,-5.932,-7.345,73925,3.8548577,7.0297256,-6.6385000000000005,19,0.3122105263157895,0.386578947368421,0.34939473684210526
CNP0574040.0,CCOC1=CC2=C(C=C1OCC)C1=CC3=CC(O)=C(OCC)C(OCC)=C3C=[N+]1CC2,424.52,4.65,61.03,8,5,1,0,0.53,Tyrosine alkaloids,Alkaloids,False,-6.018,-7.28,248513,3.033348,7.253237,-6.649,31,0.19412903225806452,0.23483870967741935,0.21448387096774194
CNP0418506.0,NC1=CC2=NC3=C(C=C2C=C1C=O)CCCC3,226.28,2.51,55.98,1,3,1,0,0.6,Anthranilic acid alkaloids,Alkaloids,False,-6.186,-7.432,34541,4.5644197,6.2466464,-6.809,17,0.3638823529411765,0.43717647058823533,0.4005294117647059
CNP0610247.0,CN=C1N=C2C(=CC=C3NC(=N)NC3=C2C)N1,228.26,0.64,96.47,0,3,4,0,0.45,Pseudoalkaloids,Alkaloids,False,-6.509,-7.345,41166,4.779938,5.1851096,-6.927,17,0.3828823529411765,0.4320588235294118,0.40747058823529414
CNP0220352.1,C[C@H]1[C@@H]2[C@H]3[C@H](C)[C@]4(C)C(=C(O)C(=O)[C@H]5[C@@H]4C5(C)C)C(=O)[C@@]3(O)O[C@@H]2C(=O)C2=C(O)C(=O)[C@H]3[C@H](C3(C)C)[C@@]21C,524.61,3.09,138.2,0,8,3,1,0.44,Sesquiterpenoids,Terpenoids,False,-7.544,-9.449,234339,0.25840738,6.382023,-8.4965,38,0.19852631578947366,0.2486578947368421,0.22359210526315787
CNP0251739.2,CC[C@H](C)C=CC1=CC2=CC(=O)[C@@]3(C)OC(=O)C(C(=O)[C@@H](C)[C@@H](C)O)=C3C2=CO1,398.46,3.09,89.9,6,6,1,0,0.55,Chromanes,Phenolics,False,-6.7,-8.293,128436,1.5869724,6.1892257,-7.496499999999999,29,0.2310344827586207,0.2859655172413793,0.2585
CNP0508235.0,O=C(O)C(CSSC1CCCC[NH+]1[O-])NC1=[N+]([O-])CCCC1,349.48,0.4,102.9,6,6,3,0,0.36,Lysine alkaloids,Alkaloids,False,-5.858,-6.972,154794,2.3006482,5.234129,-6.415,22,0.26627272727272727,0.3169090909090909,0.2915909090909091
CNP0520965.1,O=C([O-])C1=CC(=CC=[N+]2C3=C(C=C(C(=O)O)OC3=O)C[C@H]2C(=O)O)C[C@@H](C(=O)O)N1,418.31,-1.93,197.28,5,8,4,0,0.39,Tyrosine alkaloids,Alkaloids,False,-6.786,-8.631,239047,2.428254,5.5004635,-7.7085,30,0.22619999999999998,0.2877,0.25695
CNP0224183.1,CC1(C)CC[C@@]2(CO)[C@@H](C1)[C@@]1(O)CC[C@@H]3[C@]45CC[C@H](OC4)C(C)(C)[C@@H]5C=C[C@@]3(C)[C@]1(CO)C[C@@H]2O,488.71,4.07,90.15,2,5,4,0,0.44,Triterpenoids,Terpenoids,False,-6.51,-9.01,231575,-0.3501322,6.709704,-7.76,35,0.186,0.2574285714285714,0.2217142857142857
CNP0499544.0,C[Si](C)(C)NC1=C(C(=N)O[Si](C)(C)C)N=CN1[Si](C)(C)C,342.67,3.99,62.93,5,5,2,0,0.48,Histidine alkaloids,Alkaloids,False,-4.081,-5.314,15002,4.255301,5.198458,-4.6975,21,0.19433333333333336,0.2530476190476191,0.22369047619047622
CNP0162635.1,C[C@H]1[C@H](C)CC[C@]2(C)[C@H](O)C[C@]34O[C@@H]5CC6=C(CC[C@H](O)C6(C)C)[C@](C)(CC[C@@]3(C)[C@H]12)[C@@]54C,456.71,6.27,49.69,0,3,2,1,0.42,Triterpenoids,Terpenoids,False,-6.528,-8.467,20693,-0.35378724,6.603542,-7.4975000000000005,33,0.1978181818181818,0.25657575757575757,0.22719696969696968
CNP0594516.1,CC1=C[C@@H]2/C=C(C)/C=C/C(=O)NCCC3=C[N+](=CN3C)CCCNC(=O)/C=C/C(C)=C/C=C/[C@@]2(C)CC1,503.71,4.42,67.01,0,3,2,1,0.41,Histidine alkaloids,Alkaloids,False,-8.301,-9.98,31085,1.092812,6.492243,-9.1405,37,0.22435135135135137,0.26972972972972975,0.24704054054054056
CNP0208479.2,CO/C=C1\CCNC1=S,143.21,0.84,21.26,1,2,1,0,0.33,Ornithine alkaloids,Alkaloids,False,-3.769,-4.068,40081,1.5243665,4.466333,-3.9185,9,0.4187777777777778,0.45199999999999996,0.4353888888888889
CNP0598571.2,C[C@@H]1O[C@@H]2OC1C[C@@H]1OCC3=C1C2=CC=C3O,234.25,2.17,47.92,0,4,1,0,0.75,Chromanes,Phenolics,False,-5.845,-7.207,51391,2.7099993,7.10408,-6.526,17,0.3438235294117647,0.4239411764705882,0.38388235294117645
CNP0263785.2,CCC/C=C\C[C@H]1C2=NC(NC(C)=O)=NC3=C2[C@@H](CC3)C[C@H]1C,313.45,4.33,54.88,5,3,1,0,0.82,Guanidine alkaloids,Alkaloids,False,-6.086,-8.07,51614,2.3580136,4.8707123,-7.078,23,0.26460869565217393,0.3508695652173913,0.3077391304347826
CNP0167574.1,CC(C)=CC[C@@H](O)/C(C)=C/C[C@H](O)[C@]1(CO)O[C@H]1CC/C(C)=C\CO,354.49,2.25,93.45,11,5,4,0,0.34,Monoterpenoids,Terpenoids,False,-5.374,-7.052,73168,1.5714083,5.830657,-6.212999999999999,25,0.21495999999999998,0.28208,0.24852
CNP0482924.1,N=C1NC(=O)C2=C(NC=C2CN[C@@H]2C=C[C@@H](O)[C@H]2O)N1,277.28,-1.59,140.78,3,5,7,1,0.34,Histidine alkaloids,Alkaloids,False,-6.599,-7.15,98705,2.9993284,5.2766137,-6.8745,20,0.32995,0.35750000000000004,0.34372500000000006
CNP0312086.0,O=C1C=CC2=CN=CC=C2CC1,159.19,1.61,29.96,0,2,0,0,0.58,Nicotinic acid alkaloids,Alkaloids,False,-5.143,-6.335,98974,5.202316,5.4629216,-5.739,12,0.4285833333333333,0.5279166666666667,0.47825
CNP0528081.1,N#C[C@@H]1N2CCC[C@H]3[C@@H]4CCCCN4[C@@H]4CC[C@H]5CCC[C@]1(O)[C@@H]5N4[C@@H]32,356.51,2.12,53.74,0,5,1,0,0.72,Lysine alkaloids,Alkaloids,False,-6.421,-8.096,104588,0.993453,5.014317,-7.2585,26,0.24696153846153848,0.31138461538461537,0.2791730769230769
CNP0582409.2,COC1=CC=C([C@H]2C(C#N)=C(N)OC3=C2C(=O)OC2=CC=CC=C32)C=C1CN1N=C([N+](=O)[O-])C(Br)=C1C,564.35,4.24,159.44,5,10,1,1,0.21,Coumarins,Phenolics,False,-7.522,-9.7,124844,3.5102894,7.5900335,-8.611,37,0.2032972972972973,0.26216216216216215,0.23272972972972972
CNP0465194.0,S=C1OC2=CC=CC=C2N1CN1CCCCC1,248.35,3.41,21.31,2,4,0,0,0.76,Lysine alkaloids,Alkaloids,False,-5.444,-6.735,135429,2.9482381,6.525146,-6.0895,17,0.32023529411764706,0.3961764705882353,0.35820588235294115
CNP0309700.1,O=S1(=O)N[C@@H]2CN(C3CCOCC3)C[C@@H]2OC2=NC=CC=C21,325.39,-0.02,80.76,1,6,1,0,0.78,Lysine alkaloids,Alkaloids,False,-6.422,-7.738,151381,3.6551924,6.2970433,-7.08,22,0.2919090909090909,0.3517272727272727,0.3218181818181818
CNP0587944.1,CC(C)N(C(=S)/N=C1\SSC(NC(=S)N(C(C)C)C(C)C)=[N+]1C1=CC=CC=C1)C(C)C,496.82,5.21,34.75,6,4,1,1,0.34,Pseudoalkaloids,Alkaloids,False,-5.075,-6.516,189541,4.782713,6.5380607,-5.7955000000000005,31,0.16370967741935485,0.21019354838709678,0.18695161290322582
CNP0280027.1,C[C@@]12C3=CC(=O)O[C@H]([C@H](O)CO)[C@]34O[C@@H]4[C@H]3OC(=O)[C@](C)([C@H]31)[C@@H](O)[C@H]1O[C@H]12,380.35,-1.96,138.35,2,9,3,0,0.37,Diterpenoids,Terpenoids,False,-5.681,-8.235,190827,0.45316866,6.62078,-6.958,27,0.2104074074074074,0.305,0.2577037037037037
CNP0564201.0,CCCCCCCCC[N+]12CC[N+](CCCCCCCCC)(CC1)CC2,366.68,6.15,0.0,16,0,0,1,0.23,Lysine alkaloids,Alkaloids,False,-4.754,-5.818,219832,1.9245104,4.3204026,-5.286,26,0.18284615384615382,0.22376923076923075,0.2033076923076923
CNP0073685.1,CC(C)[C@H](OC(=O)[C@H](O)C(C)C)C(N)=O,217.26,0.06,89.62,5,4,2,0,0.64,Peptide alkaloids,Alkaloids,False,-4.713,-5.727,238051,2.968347,3.9739072,-5.220000000000001,15,0.3142,0.38180000000000003,0.348
CNP0283580.1,C=C(O[C@@H]1C=C(C(=O)O)C=C[C@H]1N)C(=O)O,225.2,-0.12,109.85,4,4,3,0,0.45,Phenolic acids (C6-C1),Phenolics,False,-4.962,-6.35,244821,2.7576652,4.7576103,-5.656,16,0.310125,0.396875,0.3535
CNP0507990.1,C[C@H]1[C@@H](C)[C@@H](O)[C@H](S)[C@H]1C,160.28,1.57,20.23,0,2,2,0,0.52,Monoterpenoids,Terpenoids,False,-4.264,-4.973,252183,0.9323345,4.278326,-4.6185,10,0.4264,0.49729999999999996,0.46185
CNP0581091.0,O=C1C2CN3C(=O)CCCC3C1CN1CC(O)CCC21,278.35,0.02,60.85,0,4,1,0,0.68,Lysine alkaloids,Alkaloids,False,-5.317,-7.681,254098,1.9272743,5.066664,-6.4990000000000006,20,0.26585000000000003,0.38405,0.32495
CNP0234782.1,COC1=CC2=C(C3=CC=C(N[C@@H](CCSC)C(=O)NC4CCS(=O)(=O)C4)C(=O)C=C3[C@@H](NC(C)=O)CC2)C(OC)=C1OC,633.79,2.7,149.13,11,10,3,1,0.34,Tyrosine alkaloids,Alkaloids,False,-5.97,-8.754,199076,2.4854174,7.916165,-7.362,43,0.13883720930232557,0.2035813953488372,0.1712093023255814
CNP0558437.1,C[C@H]1C[C@@H]2CN3C4=C[C@@]5(C)[C@@H]6CC(CO)=CC(=O)[C@H]6[C@@H](C)C(=O)[C@@H]5[C@@]5(COC(=O)C5)[C@]4(C)CC[C@@]3(C1)O2,509.64,3.41,93.14,1,7,1,1,0.54,Triterpenoids,Terpenoids,False,-7.153,-9.218,81279,-0.06458478,7.3682027,-8.1855,37,0.1933243243243243,0.24913513513513513,0.2212297297297297
CNP0089619.1,O=C(OC1=C(CO)NC2=CC=CC=C12)[C@@H]1O[C@@](O)(CO)[C@H](O)[C@H]1OCCCO,397.38,-1.23,161.7,8,9,6,1,0.24,Tryptophan alkaloids,Alkaloids,False,-6.009,-7.736,112290,2.4912658,6.8814516,-6.8725000000000005,28,0.21460714285714286,0.2762857142857143,0.24544642857142857
CNP0536557.1,C=C[C@@H]1C=C[C@@H]2[C@@H]3C[C@H](C)C[C@H](C)[C@H]3[C@H]3OC4=CC=C(C=C4)C[C@@]4(O)NC(=O)[C@@]5(O[C@@H]54)C(=O)[C@H]1[C@@H]23,475.59,3.05,88.16,1,5,2,0,0.37,Tetramate alkaloids,Alkaloids,False,-8.064,-8.486,131378,1.1271334,7.157587,-8.275,35,0.2304,0.24245714285714287,0.23642857142857143
CNP0277606.1,CSCC[C@@H]1N[C@]2(C(=O)NC3=CC=CC=C32)[C@@H]2C(=O)N(C3=CC=C(C)C(C)=C3)C(=O)[C@H]12,435.55,2.98,78.51,4,5,2,0,0.72,Anthranilic acid alkaloids,Alkaloids,False,-6.997,-9.251,235677,4.2988896,7.675559,-8.123999999999999,31,0.22570967741935483,0.2984193548387097,0.26206451612903225
CNP0551523.1,COC1=[N+](O[O-])C(C)=C(O)N/C1=C\C1=CC=C(OC/C=C(\C)CC[C@H](O)C(C)(C)O)C=C1,448.52,1.88,126.48,9,8,4,0,0.2,Tetramate alkaloids,Alkaloids,False,-7.133,-8.131,124162,2.8458219,6.243991,-7.632,32,0.22290625,0.25409375,0.2385
CNP0253821.1,O=C1OC2=CC=CC=C2C(=O)/C1=C\NC1=CC=C(C2=CC3=CC=CC=C3OC2=O)C=C1,409.4,4.56,85.61,3,6,1,0,0.18,Coumarins,Phenolics,False,-8.839,-11.47,140649,4.2959743,6.996321,-10.1545,31,0.2851290322580645,0.37,0.32756451612903226
CNP0484036.0,CC(=O)CC(=O)N1C(=O)C2=C(C=C3C=C(Cl)C=C4C3=C2C(=O)N4C)C1(C)C,384.82,3.28,74.76,2,4,0,0,0.74,Tetramate alkaloids,Alkaloids,False,-7.337,-9.104,182356,3.5896802,6.330265,-8.2205,27,0.2717407407407407,0.33718518518518514,0.30446296296296294
CNP0600818.1,CNC(=O)[C@H](CSC(=O)C1=CC=C(CO[N+](=O)[O-])C=C1)NC(C)=O,355.37,0.52,127.64,8,7,2,0,0.51,Peptide alkaloids,Alkaloids,False,-5.492,-6.993,57604,3.4113815,4.623649,-6.2425,24,0.22883333333333333,0.291375,0.2601041666666667
CNP0573118.2,O=C(N[C@H](N1C=NC2=C(N3CCOCC3)N=CN=C21)C(Cl)(Cl)Cl)C1=CC=CO1,445.69,2.55,98.31,4,8,1,0,0.62,Pseudoalkaloids,Alkaloids,False,-6.335,-8.027,23710,3.9290702,6.3515763,-7.180999999999999,28,0.22625,0.2866785714285714,0.2564642857142857
CNP0210062.1,COC(=O)[C@@]1(C)C[C@@H]2[C@](C)(CC1=O)CC(C)=C1C3=CC=C4C(=CC(=O)C(O)=C4C)[C@]3(C)CC[C@]12C,476.61,5.89,80.67,1,5,1,1,0.38,Triterpenoids,Terpenoids,False,-6.915,-9.006,101823,1.3439162,7.650054,-7.9605,35,0.19757142857142856,0.2573142857142857,0.22744285714285714
CNP0309954.0,CC1=CC=C2C(=O)C(C(C)C)=C3OC(C)(C)C4=CC=C1C2=C34,292.38,4.98,26.3,1,2,0,0,0.74,Sesquiterpenoids,Terpenoids,False,-7.11,-9.118,2883,1.1346369,7.0752735,-8.114,22,0.3231818181818182,0.41445454545454546,0.3688181818181818
CNP0113202.2,CN[C@H]1CCC2=CC3=CC[C@]4(C)[C@@H]([C@@H](C)NC)CC[C@@]4(C)[C@@H]3CC[C@H]2C1(C)C,384.65,5.71,24.06,3,2,2,1,0.65,Pseudoalkaloids,Alkaloids,False,-5.956,-8.877,29752,-0.17198408,7.07428,-7.416500000000001,28,0.21271428571428572,0.3170357142857143,0.264875
CNP0573577.2,CN(C(=O)C[C@@H](N)CCCN=C(N)N)[C@H]1CN=C(NC(N)=O)NC1=O,355.4,-3.26,207.31,7,6,6,1,0.16,Peptide alkaloids,Alkaloids,False,-6.004,-7.69,91940,3.4563646,3.949286,-6.8469999999999995,25,0.24015999999999998,0.30760000000000004,0.27388
CNP0219147.1,C[C@H]1C(=O)C2=C(CCCC2=O)N2CCCN3C=CC=C3[C@@H]12,284.36,2.46,42.31,0,4,0,0,0.69,Lysine alkaloids,Alkaloids,False,-6.115,-7.939,194393,2.8431752,6.3327293,-7.027,21,0.2911904761904762,0.3780476190476191,0.33461904761904765
CNP0573812.1,CC(O)C1=CC(C(=O)N[C@@H](C)CN2C=CC(C3=CC=C(C#N)C(Cl)=C3)=N2)=NN1,398.85,2.67,119.62,6,6,3,0,0.59,Tryptophan alkaloids,Alkaloids,False,-6.305,-8.735,211894,4.345193,5.8028727,-7.52,28,0.22517857142857142,0.3119642857142857,0.26857142857142857
CNP0602988.1,CC1=NC=CC(OC[C@@H]2CN(CC3=CN=CN3C)[C@H]3C4=CC=CC=C4OC[C@@H]23)=N1,391.48,2.78,65.3,5,7,0,0,0.67,Histidine alkaloids,Alkaloids,False,-6.549,-9.038,256901,3.8849547,6.257367,-7.7935,29,0.22582758620689655,0.3116551724137931,0.2687413793103448
CNP0263908.2,C[C@@H]1CC[C@H]2[C@H]1CNC[C@@H]2C,153.27,1.89,12.03,0,1,1,0,0.56,Pseudoalkaloids,Alkaloids,False,-4.974,-5.886,15772,0.76869255,4.335588,-5.43,11,0.4521818181818182,0.5350909090909091,0.49363636363636365
CNP0517422.0,CN=C(NCC1CCOC1)N[N+](=O)[O-],202.21,-0.62,88.79,3,4,2,0,0.28,Monoterpenoids,Terpenoids,False,-4.931,-5.679,72147,1.5620548,5.040991,-5.305,14,0.3522142857142857,0.40564285714285714,0.3789285714285714
CNP0585697.0,CCN(CC)C1=CC=C2N=C3C(=[O+]C2=C1)C=C(N)C1=CC=CC=C13,318.4,4.84,53.45,3,3,1,0,0.25,Anthranilic acid alkaloids,Alkaloids,False,-6.711,-8.148,82030,4.7908883,6.1763277,-7.4295,24,0.279625,0.33949999999999997,0.30956249999999996
CNP0029319.0,CCN(C(C)C)C(C)C,129.25,2.13,3.24,3,1,0,0,0.56,Pseudoalkaloids,Alkaloids,False,-3.856,-4.079,91551,2.2905033,3.638034,-3.9675,9,0.4284444444444444,0.4532222222222222,0.4408333333333333
CNP0240302.0,CN1N(C)N2CCSSCCN12,206.34,0.52,12.96,0,6,0,0,0.53,Lysine alkaloids,Alkaloids,False,-4.157,-4.692,119362,1.8146724,4.443497,-4.4245,12,0.34641666666666665,0.391,0.3687083333333333
CNP0581302.0,COC(=O)C1=C(CCO)C2=C3C1=C([O-])C1CC4=[N+](CC1C)CC(CCC2=O)C34C,397.47,0.89,89.67,3,5,1,0,0.56,Pseudoalkaloids,Alkaloids,False,-5.842,-7.856,133391,1.3543884,6.228393,-6.849,29,0.20144827586206895,0.2708965517241379,0.23617241379310344
CNP0392583.1,CC(C)=CC1=C2[C@@H]3[C@H](CC[C@H](C)[C@@]3(C#N)CC[C@@H]2C)[C@@H](C)C1,297.49,5.89,23.79,1,1,0,1,0.59,Sesquiterpenoids,Terpenoids,False,-5.989,-8.145,187586,-0.020910997,6.012281,-7.067,22,0.2722272727272727,0.3702272727272727,0.3212272727272727
CNP0577945.0,O=C(C1=CC2=C(C=CC=[N+]2[O-])S1)N1CCN(S(=O)(=O)C2=CC3=CC(Cl)=CC=C3N2)CC1,476.97,2.82,100.42,3,5,1,0,0.36,Tryptophan alkaloids,Alkaloids,False,-7.762,-9.74,216098,3.9950662,6.4952955,-8.751,31,0.2503870967741935,0.3141935483870968,0.2822903225806451
CNP0284067.1,C/C=C/C1=CC=C/C(=C2/C(=O)CNC2=O)O1,217.22,0.99,55.4,1,3,1,0,0.53,Chromanes,Phenolics,False,-6.094,-6.928,217330,2.0304964,6.8526287,-6.511,16,0.380875,0.433,0.4069375
CNP0350179.0,OCC(CO)(CO)NCCCNC(CO)(CO)CO,282.34,-4.01,145.44,12,8,8,1,0.17,Ornithine alkaloids,Alkaloids,False,-4.285,-4.398,222470,2.7256413,3.4215605,-4.3415,19,0.22552631578947369,0.2314736842105263,0.22849999999999998
CNP0369981.1,CNC(=N)N[C@H](CCCC(=O)CC(=O)CCC1=CC=C(O)C2=C1CCCO2)CCN1C=CN=C1,469.59,2.75,129.33,13,7,4,0,0.2,Histidine alkaloids,Alkaloids,False,-6.351,-7.916,187413,3.069626,5.4344425,-7.1335,34,0.18679411764705883,0.2328235294117647,0.20980882352941177
CNP0530580.1,C=C(C)C#C[C@@]12[C@@H]3C=C(C)C[C@@H]1[C@@H](O)[C@@H]1O[C@]1(CC=C(C)C)[C@]2(O)O[C@@H]1C3=C[C@@H](O)C[C@@]1(O)CC=C(C)C,522.68,3.87,102.68,4,6,4,1,0.25,Meroterpenoids,Terpenoids,False,-6.752,-7.432,257389,1.0160867,6.48888,-7.0920000000000005,38,0.17768421052631578,0.19557894736842107,0.18663157894736843
CNP0548922.0,CCN1C(=O)CNC2=NC=C(C3=CC=C(C4=NN=CN4)N=C3C)N=C21,336.36,1.41,112.58,3,7,2,0,0.74,Histidine alkaloids,Alkaloids,False,-6.808,-8.755,45316,4.461743,5.9879603,-7.7815,25,0.27232,0.3502,0.31126
CNP0602403.0,COC1=CC=CC(N2C=CC3=C(SC(S(N)(=O)=O)=C3)S2(=O)=O)=C1,372.45,1.58,106.77,3,6,1,0,0.88,Tryptophan alkaloids,Alkaloids,False,-6.347,-8.03,97561,3.682136,7.430529,-7.1884999999999994,23,0.27595652173913043,0.3491304347826087,0.3125434782608696
CNP0002880.2,CC(C)[C@@]12C[C@@]3(O)[C@@]4(C)C1C1(O)O[C@](O)([C@]5(O)[C@H](C)CC[C@]45O)[C@@]3(O)[C@]1(C)O2,398.45,-1.01,139.84,1,8,6,1,0.31,Sesquiterpenoids,Terpenoids,False,-5.8,-8.088,127797,-0.6750384,6.5448976,-6.943999999999999,28,0.20714285714285713,0.2888571428571428,0.24799999999999997
CNP0560480.0,CN1C(=O)N(C2=CC=C(C(C)(C)C#N)C=C2)C2=C3C=C(C4=CN=C5C=CC=CC5=C4)C=CC3=NC=C21,469.55,5.89,76.5,3,6,0,1,0.32,Anthranilic acid alkaloids,Alkaloids,False,-7.917,-8.765,169704,4.750578,6.8396063,-8.341000000000001,36,0.21991666666666665,0.24347222222222223,0.23169444444444443
CNP0071185.1,CC(C)(C)OC(=O)N1O[C@H]2C[C@@H]1[C@@H]1[C@@H]2N=NN1C12C[C@H]3C[C@@H](C1)C[C@@H](C2)C3,374.49,3.7,66.73,1,6,0,0,0.7,Pseudoalkaloids,Alkaloids,False,-6.385,-8.559,172263,0.4605248,5.3060756,-7.4719999999999995,27,0.2364814814814815,0.31699999999999995,0.27674074074074073
CNP0201925.2,COC1=C2C(=C(OC)C3=C1C=CO3)O[C@@H](C1=CC=CC=C1)[C@H](OC)[C@H]2OC,370.4,4.29,59.29,5,6,0,0,0.67,Flavonoids,Flavonoids,False,-5.449,-7.515,573,3.0991352,7.767249,-6.481999999999999,27,0.2018148148148148,0.2783333333333333,0.24007407407407405
CNP0463080.2,CC(C)C1=CC=C(CN2N=CC(C)(C)[C@@H]2C(C)C)C=C1,272.44,4.66,15.6,4,2,0,0,0.78,Monoterpenoids,Terpenoids,False,-6.073,-7.461,61878,3.3174815,5.211139,-6.767,20,0.30365000000000003,0.37305,0.33835000000000004
CNP0379619.2,C=C(C)C(=O)O[C@]1(C#CC(C)(C)OOC(C)(C)CCC)C[C@H]2CC[C@]1(C)C2(C)C,404.59,6.0,44.76,7,4,0,1,0.17,Monoterpenoids,Terpenoids,False,-4.718,-7.82,65398,-0.7042618,6.1901107,-6.269,29,0.1626896551724138,0.2696551724137931,0.21617241379310345
CNP0436699.1,C=C1CC2OC3(Br)C=C[C@@]4(C)O[C@@H]1C[C@@]24C3(C)C,311.22,3.57,18.46,0,2,0,0,0.5,Sesquiterpenoids,Terpenoids,False,-4.726,-7.765,87465,-0.33183846,5.4699397,-6.2455,18,0.26255555555555554,0.4313888888888889,0.34697222222222224
CNP0577071.1,COC1=C(O)C=C(C2=COC3=CC(O)=CC(O)=C3C2=O)C=C1/C=C/C(C)(C)O,384.38,3.37,120.36,4,7,4,0,0.54,Isoflavonoids,Flavonoids,False,-7.054,-8.283,83855,2.7685525,7.253984,-7.6685,28,0.25192857142857145,0.29582142857142857,0.273875
CNP0522228.0,CC1=[N+](C)C2=C(C=CC3=CC=CN=C23)C1(C)C,225.31,3.26,15.9,0,1,0,0,0.63,Tyrosine alkaloids,Alkaloids,False,-6.224,-7.929,180794,4.7369776,6.4008155,-7.0765,17,0.36611764705882355,0.46641176470588236,0.416264705882353
CNP0081604.1,C=C(C=O)[C@H]1C[C@H](CO/C=C/C2=CC=C(O)C=C2)[C@@]2(O)CO[C@H](O)[C@@H]12,346.38,1.47,96.22,6,6,3,0,0.41,Monoterpenoids,Terpenoids,False,-6.344,-7.542,26852,1.8720642,6.9869723,-6.943,25,0.25376,0.30168,0.27771999999999997
CNP0222609.2,C1=C\CCC2=CC3=C(O2)[C@H]2N4CCCC/C=C\[C@@H]4C[C@]24CN(CCCC/1)CC[C@H]34,392.59,5.6,19.62,0,3,0,1,0.54,Lysine alkaloids,Alkaloids,False,-6.862,-10.57,47834,1.2208953,5.369887,-8.716000000000001,29,0.2366206896551724,0.3644827586206897,0.3005517241379311
CNP0545853.1,C[C@@H]1C2CN=C3N[C@@H](CC4=NC(=O)NC(=O)C4)C[C@@H](C[C@@H]1OS(=O)(=O)O)N32,399.43,-0.54,149.76,4,8,3,0,0.53,Guanidine alkaloids,Alkaloids,False,-6.549,-8.771,215294,3.618027,3.8991144,-7.66,27,0.24255555555555558,0.3248518518518519,0.28370370370370374
CNP0274169.1,C=C1[C@@H]2CCN(C)[C@@H]([C@H]2CC)[C@H]2C3=CC=CC=C3N[C@@H]12,268.4,3.48,15.27,1,2,1,0,0.78,Tryptophan alkaloids,Alkaloids,False,-6.068,-8.281,220500,3.1497738,6.603059,-7.1745,20,0.3034,0.41405000000000003,0.358725
CNP0067099.1,COCCNC(=O)C[C@@H]1C[C@H]2O[C@H](CNC3CCNCC3)[C@@H](O)[C@H]2O1,357.45,-1.23,101.08,8,7,4,0,0.4,Ornithine alkaloids,Alkaloids,False,-4.866,-6.753,242325,2.2313,5.5839214,-5.8095,25,0.19463999999999998,0.27012,0.23238
CNP0361945.4,COC1=CC=C2C[C@H]3N(C)CC[C@]45C2=C1O[C@H]4[C@@]1(OC)C=C[C@@]35[C@H]2[C@H]1C(OS(=O)(=O)C1=CC=C(C)C=C1)=CS2(=O)=O,597.71,2.88,108.44,5,9,0,1,0.38,Tyrosine alkaloids,Alkaloids,False,-7.157,-7.496,50215,3.406363,7.5805097,-7.3265,41,0.17456097560975609,0.18282926829268295,0.1786951219512195
CNP0286080.2,C=C(C)[C@H]1CN2C=CC(C)(C)N=C2N1OC,221.3,1.77,28.07,2,4,0,0,0.67,Histidine alkaloids,Alkaloids,False,-5.078,-6.265,44718,0.10378768,5.68346,-5.6715,16,0.317375,0.3915625,0.35446875
CNP0012819.1,CC1=CC=CC(OC[C@]2(CNCC3=C(C)N=C(C)S3)C[C@@H](O)[C@@H](O)C2)=N1,377.51,2.13,87.5,7,7,3,0,0.69,Nicotinic acid alkaloids,Alkaloids,False,-6.059,-7.539,45640,3.613885,6.0332303,-6.7989999999999995,26,0.23303846153846156,0.28996153846153844,0.2615
CNP0263090.4,CCS[C@@H]1CC(C#N)=CC[C@@H]1OC1=CC=CC=C1,259.37,3.8,33.02,4,3,0,0,0.82,Lysine alkaloids,Alkaloids,False,-4.94,-6.673,72132,4.0561557,6.412982,-5.8065,18,0.2744444444444445,0.37072222222222223,0.32258333333333333
CNP0525519.0,CC(C)CC(CO)C1=CC=CCC1,180.29,2.92,20.23,4,1,1,0,0.7,Monoterpenoids,Terpenoids,False,-5.139,-6.262,120779,1.2028879,5.7566524,-5.7005,13,0.3953076923076923,0.48169230769230764,0.4385
CNP0478794.1,O=C(NCC/N=C(\O)C(F)(F)C(F)(F)C(F)(F)F)C(F)(F)C(F)(F)C(F)(F)F,452.14,3.72,61.69,7,2,2,0,0.27,Tyrosine alkaloids,Alkaloids,False,-6.08,-7.428,168393,2.902586,3.5305178,-6.754,28,0.21714285714285714,0.2652857142857143,0.24121428571428571
CNP0123907.0,CC=C(C)C(=O)OC1C(O)C(C)OC(OC(C)(C)C2CCC(C)C3CCC(C)=C3C2)C1O,450.62,4.29,85.22,5,6,2,0,0.37,Sesquiterpenoids,Terpenoids,False,-6.809,-8.793,174114,0.7447905,6.9149613,-7.801,32,0.21278125,0.27478125,0.24378125
CNP0423677.1,O=CC1=CC=C([C@@H](C2CCCC2)[C@@H]2[C@@H]3C=CC4N2[C@]4(O)[C@@H]3[C@@H]2CC[C@@H]3[C@@H](O)CC[C@H]3N2)C=C1,448.61,3.22,72.57,5,5,3,0,0.37,Lysine alkaloids,Alkaloids,False,-6.978,-10.17,175817,1.3278657,7.0518856,-8.574,33,0.21145454545454545,0.30818181818181817,0.25981818181818184
CNP0506633.0,ClC1=CC=CC(C(C2=CC=C3N=CNC3=C2)N2C=CN=C2)=C1,308.77,4.05,46.5,3,3,1,0,0.62,Histidine alkaloids,Alkaloids,False,-6.908,-8.556,185766,4.370181,6.0800834,-7.731999999999999,22,0.314,0.38890909090909087,0.35145454545454546
CNP0421383.2,COCC1=COC2=C1CC1=C(C)[C@H]3C[C@H]3[C@@H]1C2,230.31,3.11,22.37,2,2,0,0,0.73,Sesquiterpenoids,Terpenoids,False,-5.491,-7.42,237955,0.8344303,5.155931,-6.4555,17,0.32299999999999995,0.4364705882352941,0.37973529411764706
CNP0190450.0,NC1=NC(O)=NC2=C1C(=O)NN2,167.13,-1.07,120.68,0,5,4,0,0.4,Pseudoalkaloids,Alkaloids,False,-5.263,-5.578,246182,4.478034,4.2445993,-5.4205000000000005,12,0.4385833333333333,0.4648333333333334,0.4517083333333334
CNP0244044.1,C[C@@H]1CC2=COC=C2C=C2CC(C)(C)C=C21,214.31,4.21,13.14,0,1,0,0,0.63,Sesquiterpenoids,Terpenoids,False,-5.832,-7.933,255482,0.095973164,5.570992,-6.8825,16,0.3645,0.4958125,0.43015625
CNP0324053.1,COC(C)(C)/C=C/C[C@]1(C)[C@@H](CO)CC2=CCCC(C)(C)[C@@]21C,320.52,5.13,29.46,5,2,1,1,0.71,Sesquiterpenoids,Terpenoids,False,-4.989,-7.68,263461,0.092383154,6.134248,-6.3345,23,0.21691304347826088,0.33391304347826084,0.27541304347826084
CNP0431627.1,CC(=O)CC[C@@H]1C(C)(C)CCC[C@@]1(C)C(=O)CC[C@@H](C)CC(=O)CCC(O)COC(C)=O,452.63,4.84,97.74,14,6,1,0,0.38,Diterpenoids,Terpenoids,False,-5.188,-7.48,92860,-0.59443635,5.7229023,-6.334,32,0.162125,0.23375,0.1979375
CNP0165782.1,COC1=CC(C)=C(C(=O)O[C@@H]2C[C@]3(C)[C@@H]4[C@H](C=C(COC(C)=O)[C@]23O)CC(C)(C)[C@@H]4OC(C)=O)C(OC(C)=O)=C1,558.62,3.69,134.66,7,10,1,1,0.23,Sesquiterpenoids,Terpenoids,False,-6.537,-8.304,107335,2.219583,7.690598,-7.4205000000000005,40,0.163425,0.2076,0.1855125
CNP0267772.1,CC1=C[C@H]2CC3=C(C=CC(=O)N3)[C@]3(C1)NCCC[C@H]23,256.35,2.09,44.89,0,2,2,0,0.7,Pseudoalkaloids,Alkaloids,False,-6.371,-8.538,55984,1.058533,6.4725075,-7.4545,19,0.33531578947368423,0.4493684210526316,0.39234210526315794
CNP0335388.1,N=C1N=C(O)C2=C(NC=C(CNC3=CC=C(C(=O)N[C@H](CCC(=O)O)C(=O)O)C=C3)N2)N1,443.42,0.43,212.55,9,9,9,1,0.26,Peptide alkaloids,Alkaloids,False,-7.727,-8.603,240094,3.5101583,4.854045,-8.165,32,0.24146875,0.26884375,0.25515625
CNP0373990.2,CCNC(=S)N1N=C(C)[C@H]2[C@H]3[C@@H](C[C@]21O)C3(C)C,267.4,1.55,47.86,1,3,2,0,0.71,Monoterpenoids,Terpenoids,False,-5.147,-6.902,16956,0.5813466,5.835709,-6.0245,18,0.28594444444444445,0.3834444444444445,0.33469444444444446
CNP0242182.1,C=CCCC1(C)N2C[C@]3(C)CN1C[C@](C)(C2)C3=O,248.37,1.9,23.55,3,3,0,0,0.71,Pseudoalkaloids,Alkaloids,False,-4.83,-6.952,32260,1.5336379,6.702923,-5.891,18,0.2683333333333333,0.38622222222222224,0.3272777777777778
CNP0189678.2,CC1=CO[C@H](O)[C@@H]2[C@H]3O[C@H]3[C@@H](O)[C@H]12,184.19,-0.39,62.22,0,4,2,0,0.5,Monoterpenoids,Terpenoids,False,-4.97,-5.618,48144,0.8059571,6.0423884,-5.2940000000000005,13,0.3823076923076923,0.43215384615384617,0.40723076923076923
CNP0325688.1,C/C=C/C=C1\C=CC2=C1C(=O)OC=C2C(=O)CO,244.25,1.8,67.51,3,4,1,0,0.82,Monoterpenoids,Terpenoids,False,-6.1,-7.39,223360,1.7186494,6.1690073,-6.744999999999999,18,0.33888888888888885,0.41055555555555556,0.3747222222222222
CNP0532021.1,C=C[C@]1(C)C=C2CC[C@]3(C)[C@](C)(CCC[C@]3(C)O)[C@@]2(C)CC1,302.5,5.65,20.23,1,1,1,1,0.62,Diterpenoids,Terpenoids,False,-5.421,-8.55,258544,0.16391177,6.961245,-6.9855,22,0.2464090909090909,0.38863636363636367,0.3175227272727273
CNP0519672.1,CC[C@H]1[C@@H]2[C+]3C=CC([C@@H]4C[C@H](C)C(=O)O4)=[N+]3CCC[C@H]2O[C@]12C=C(C)C(=O)O2,385.46,2.53,64.84,2,5,0,0,0.42,Ornithine alkaloids,Alkaloids,False,-7.458,-9.118,101740,1.5569786,7.1664877,-8.288,28,0.26635714285714285,0.3256428571428572,0.29600000000000004
CNP0288810.1,CO[C@H]1C2=CC(Cl)=C(O)C=C2O[C@@]12C(=O)N[C@@H]1SSN2C1=O,360.8,1.42,88.1,1,7,2,0,0.58,Peptide alkaloids,Alkaloids,False,-5.486,-7.684,149959,1.8620044,7.704063,-6.585,22,0.24936363636363634,0.3492727272727273,0.2993181818181818
CNP0097100.1,CNCC[C@@H](O)[C@@H]1C[C@H](SC2=C(C(=O)O)N3C(=O)[C@H]([C@@H](C)O)[C@H]3[C@H]2C)CN1,399.51,-0.43,122.13,8,7,5,0,0.35,Pseudoalkaloids,Alkaloids,False,-5.259,-6.855,243471,2.0395682,5.892624,-6.057,27,0.1947777777777778,0.2538888888888889,0.22433333333333333
CNP0583988.1,C=C(C)C1=CC[C](C)CC1C1[C](O)CC(/C=C/C)CC1O,288.43,4.36,40.46,3,2,2,0,0.76,Diterpenoids,Terpenoids,False,-5.667,-7.406,106938,0.43618348,5.877546,-6.5365,21,0.26985714285714285,0.35266666666666663,0.31126190476190474
CNP0528981.1,C=C[C@@H]1[C@H](CC(=O)O)C(C(=O)OC)=C[C@]23CCC[C@@H]2/C=C/OC[C@H]2O[C@@H](O[C@@H]13)[C@H](O)[C@@H](O)[C@@]21C=C2CC=NC2=CO1,569.61,2.17,153.34,4,10,3,1,0.34,Diterpenoids,Terpenoids,False,-6.73,-7.494,121886,1.5726897,6.872957,-7.112,41,0.16414634146341464,0.18278048780487804,0.17346341463414633
CNP0554973.0,CCN1C=CC(=[N])C=C1,121.16,0.21,27.23,1,1,0,0,0.51,Nicotinic acid alkaloids,Alkaloids,False,-4.162,-4.488,134088,4.3025103,5.84373,-4.325,9,0.46244444444444444,0.4986666666666667,0.48055555555555557
CNP0542242.0,CC1=NC2=C(CSCC2)C(=O)N1,182.25,0.87,45.75,0,3,1,0,0.65,Lysine alkaloids,Alkaloids,False,-4.844,-5.286,146557,4.5324054,4.6477704,-5.0649999999999995,12,0.4036666666666667,0.44049999999999995,0.4220833333333333
CNP0591347.0,CC1(C)COP(=O)(C2(C)CCC=[N+]2[O-])OC1,247.23,2.34,61.6,1,4,0,0,0.41,Monoterpenoids,Terpenoids,False,-4.868,-6.491,154618,-0.15580605,5.8032565,-5.6795,16,0.30425,0.4056875,0.35496875
CNP0167912.0,O=C(OC1=CC=C2C(=O)C(OC3=CC=CC=C3Br)=COC2=C1)C1=CC=CS1,443.27,5.63,65.74,4,6,0,1,0.3,Chromanes,Phenolics,False,-6.989,-8.578,188253,4.369701,7.026778,-7.7835,27,0.25885185185185183,0.31770370370370365,0.28827777777777774
CNP0043166.0,[NH-]C1=NC=NC2=NC=N[C+]12,133.11,0.45,73.24,0,4,0,0,0.43,Pseudoalkaloids,Alkaloids,False,-4.431,-4.705,200941,4.6254625,4.210062,-4.568,10,0.4431,0.47050000000000003,0.4568
CNP0502952.1,C=CC1=C2C=C3C(C)=C(CC)C4=[N+]3[Mg-2]35N2C(=C1C)C=C1[C@@H](C)[C@H](CCC(=O)O)C(=[N+]13)C1=C2C(=C(C)C(=C4)N25)C(=O)C1,556.95,3.41,70.25,5,4,1,1,0.57,Tryptophan alkaloids,Alkaloids,False,-7.932,-8.629,14857,2.3503819,5.7891617,-8.2805,41,0.19346341463414635,0.21046341463414633,0.20196341463414635
CNP0532176.0,CC(C)=CCC(=O)C1(O)C(=O)C(C(=O)CC(C)C)=C(O)C1(O)CC=C(C)C,378.47,2.74,111.9,8,6,3,0,0.34,Meroterpenoids,Terpenoids,False,-5.948,-7.581,93837,1.7350581,5.921012,-6.7645,27,0.22029629629629632,0.2807777777777778,0.25053703703703706
CNP0342546.0,CC(OC(=O)COC(C)(C)C)C1=CC=CC2=NC3=C(C(=O)O)C=CC=C3N=C12,382.42,3.9,98.61,5,6,1,0,0.53,Anthranilic acid alkaloids,Alkaloids,False,-6.546,-8.143,102199,4.4850984,6.567084,-7.3445,28,0.2337857142857143,0.2908214285714286,0.26230357142857147
CNP0265629.0,CNCCC1=CC=C(OC)C2=C1C=CC1=CC=C(OC)C(O)=C1O2,327.38,3.45,59.95,5,5,2,0,0.75,Tyrosine alkaloids,Alkaloids,False,-6.355,-7.555,259659,3.3381755,7.6090355,-6.955,24,0.2647916666666667,0.31479166666666664,0.28979166666666667
CNP0065586.0,O=C1CCSC2=CC3=C(C=C12)OCCO3,222.26,2.14,35.53,0,4,0,0,0.67,Isoflavonoids,Flavonoids,False,-5.441,-6.182,53644,2.6700075,7.4789977,-5.8115000000000006,15,0.3627333333333333,0.41213333333333335,0.3874333333333333
CNP0610152.1,NC1=NC(=O)C2=C(NCC([C@H](O)[C@H]3COP(=O)(O)O3)=N2)N1,317.2,-1.27,172.15,2,9,5,0,0.42,Pseudoalkaloids,Alkaloids,False,-5.979,-7.257,164377,4.487134,4.1943617,-6.618,21,0.2847142857142857,0.34557142857142853,0.3151428571428571
CNP0312227.0,CC1=C(C2=CN=CC=N2)SSC1=S,226.35,3.3,25.78,1,5,0,0,0.55,Nicotinic acid alkaloids,Alkaloids,False,-4.343,-5.244,179998,5.3543406,5.681173,-4.7935,13,0.33407692307692305,0.40338461538461534,0.3687307692307692
CNP0034186.0,CC1(C)OOC(=O)C1(C)C,144.17,1.28,35.53,0,3,0,0,0.48,Monoterpenoids,Terpenoids,False,-4.26,-4.677,182267,-0.63051105,5.2391624,-4.4685,10,0.426,0.46769999999999995,0.44684999999999997
CNP0602284.1,COC1=CC(C2=C(O[C@@H]3OC(C)[C@H](O)C(O)[C@@H]3O)C=C3C(=CC(O)=C/C3=[O+]\C)O2)=CC(OC)=C1O,491.47,1.21,162.51,5,10,5,0,0.33,Flavonoids,Flavonoids,False,-6.633,-8.624,247796,2.8214033,7.7813997,-7.628500000000001,35,0.18951428571428572,0.2464,0.21795714285714285
CNP0428586.1,C=C1C(=O)N2C3=CC=CC=C3[C@@]34C[C@H]5C(=O)N(CN1[C@H]23)[C@@H](O4)C1=NC2=CC=CC=C2C(=O)N15,439.43,1.57,87.98,0,7,0,0,0.49,Anthranilic acid alkaloids,Alkaloids,False,-7.827,-10.09,262756,4.727733,7.4017253,-8.9585,33,0.2371818181818182,0.30575757575757573,0.27146969696969697
CNP0121885.0,CCOC(=O)C1=C(NC(=O)CN2CCN(C(=O)OCC)CC2)SC2=C1CCCC2,423.54,2.52,88.18,6,7,1,0,0.71,Lysine alkaloids,Alkaloids,False,-5.579,-7.778,33928,1.6957777,4.9816265,-6.6785,29,0.19237931034482758,0.26820689655172414,0.23029310344827586
CNP0591628.1,CCN1C(=O)CC[C@H]1C1=NC(CNS(=O)(=O)C2CC2)=NO1,314.37,0.33,105.4,6,6,1,0,0.81,Pseudoalkaloids,Alkaloids,False,-5.612,-7.247,14970,2.5241485,4.9839616,-6.4295,21,0.2672380952380952,0.34509523809523807,0.30616666666666664
CNP0530048.0,COC1=CC2=NC=CC(OC3=CC=C(NC(=O)N=C4C=C(C)ON4)C(Cl)=C3)=C2C=C1OC,454.87,5.06,110.97,5,6,2,1,0.44,Tyrosine alkaloids,Alkaloids,False,-7.33,-8.913,21447,3.558964,7.528121,-8.121500000000001,32,0.2290625,0.27853125,0.25379687500000003
CNP0167038.1,C=C(C1CCCCC1)[C@]12CC#C[C@H](NC(=N)NC)C[C@]3(O)CC[C@@H]([C@@H]3C1)[C@](C)(O)CC2,427.63,3.71,88.37,3,3,5,0,0.21,Diterpenoids,Terpenoids,False,-6.98,-9.557,26229,-0.5606086,6.4849105,-8.2685,31,0.22516129032258067,0.30829032258064515,0.2667258064516129
CNP0546987.1,C[N+]1(C)C[C@H](OC([O-])=C2C=C(Br)C=N2)C[C@@H]1C(=O)O,331.17,0.2,81.95,3,4,1,0,0.59,Ornithine alkaloids,Alkaloids,False,-4.725,-6.196,108541,2.734272,4.930901,-5.4605,19,0.24868421052631576,0.32610526315789473,0.28739473684210526
CNP0569397.0,COC1=CC2=C(C=C1OC1(C(C)C)CC=C(C)CC1)NC1=C3C=CC(C)(C)OC3=C(C)C=C12,445.6,7.73,43.48,4,3,1,1,0.42,Tryptophan alkaloids,Alkaloids,False,-7.268,-10.36,142945,3.3229823,7.889885,-8.814,33,0.22024242424242424,0.3139393939393939,0.26709090909090905
CNP0387584.1,CC1=CC=C(O)C(C(=O)/C=C/C2=CC(Cl)=CC3=C2OCOC3)=C1,330.77,4.12,55.76,3,4,1,0,0.68,Flavonoids,Flavonoids,False,-6.979,-8.565,217111,2.7249353,7.170546,-7.772,23,0.30343478260869566,0.3723913043478261,0.3379130434782609
CNP0241081.1,COC(OC)C1=CN=CC2=C1CC[C@@H]2C,207.27,2.42,31.35,3,3,0,0,0.71,Nicotinic acid alkaloids,Alkaloids,False,-5.216,-6.241,17803,3.0889738,5.651222,-5.7285,15,0.34773333333333334,0.41606666666666664,0.3819
CNP0130367.2,C[C@H]1CC=C[C@H]2[C@H](O)[C@@](C)(O)[C@@H](C)[C@H]3[C@H](CC4=CC=CC=C4)N=C(O)[C@]32[C@H](O)C=C[C@](C)(O)C1,469.62,3.2,113.51,2,5,5,0,0.43,Pseudoalkaloids,Alkaloids,False,-6.278,-8.665,22545,2.583711,5.958301,-7.471499999999999,34,0.1846470588235294,0.25485294117647056,0.21974999999999997
CNP0258540.1,COC[C@@H](CCO)C1=C(CO)C2=CC=C3O[C@]4(C)CC#CCC5=CC(=CC=C5)CCC(=C(C)C)C(=O)O[C@H]4[C@H](OC(C)=O)C3=C2OC1=O,658.74,4.98,141.73,7,10,2,1,0.15,Coumarins,Phenolics,False,-6.12,-9.26,41239,2.2538319,7.511209,-7.6899999999999995,48,0.1275,0.19291666666666665,0.16020833333333334
CNP0587841.1,CC(C)(CO)[C@@H](O)C(=O)NCCC(=O)NC=CS,276.36,-0.61,98.66,7,5,5,0,0.4,Peptide alkaloids,Alkaloids,False,-4.769,-5.621,69574,2.8411002,3.746674,-5.195,18,0.2649444444444444,0.3122777777777778,0.28861111111111115
CNP0610964.0,SC1=CC=CC=C1C1=NCCCN1,192.29,1.72,24.39,1,3,2,0,0.65,Lysine alkaloids,Alkaloids,False,-4.975,-6.326,111484,4.1823683,6.9622507,-5.650499999999999,13,0.38269230769230766,0.48661538461538456,0.4346538461538461
CNP0362727.1,CC1(C)C[C@@]2(CCCN(CCN)C2)CCO1,226.36,1.62,38.49,2,3,1,0,0.78,Lysine alkaloids,Alkaloids,False,-4.711,-6.57,116851,0.7582488,5.2017503,-5.6405,16,0.2944375,0.410625,0.35253125
CNP0143719.0,OCC1CC(N2C=NC3=C2NC=NCC3O)C(O)C1O,282.3,-1.35,123.13,2,8,5,0,0.46,Lysine alkaloids,Alkaloids,False,-6.166,-6.814,269490,3.4040828,5.507363,-6.49,20,0.3083,0.3407,0.3245
CNP0490192.1,C[C@H]1O/C(=C2/C=CC=C(O)C2=O)N[C@H]1C(=O)N(O)CCC1=CN=CN1,346.34,0.34,127.78,4,7,4,0,0.35,Histidine alkaloids,Alkaloids,False,-6.459,-7.713,113631,3.6854122,6.0054626,-7.086,25,0.25836,0.30852,0.28344
CNP0012768.1,CN(C)CCN(C)[C@@H]1[C@H](O)[C@H](CO)O[C@@H]1CN(CC1=CC=C(Cl)C=C1)CC1=CC=CC(Cl)=C1,496.48,2.98,59.41,11,6,2,0,0.5,Pseudoalkaloids,Alkaloids,False,-5.678,-7.665,145046,3.9667494,5.9905477,-6.6715,33,0.17206060606060605,0.23227272727272727,0.20216666666666666
CNP0347939.1,C=C1[C@H]2CC[C@@]3([C@H](O)C[C@@H]4[C@@]5(C)CCC[C@@]4(CN(/C=C/O)C5)[C@@H]3C2)[C@H]1O,359.51,3.22,63.93,1,4,3,0,0.5,Pseudoalkaloids,Alkaloids,False,-6.117,-9.221,14008,-0.6845132,6.621838,-7.6690000000000005,26,0.23526923076923076,0.35465384615384615,0.29496153846153844
CNP0443556.1,O=C([C@@H]1CSCN1)N1CCN2C(=O)N(CCO)C(=O)[C@H]2C1,314.37,-1.88,93.19,3,6,2,0,0.59,Lysine alkaloids,Alkaloids,False,-5.597,-6.611,55128,2.0996387,5.424995,-6.104,21,0.26652380952380955,0.3148095238095238,0.2906666666666667
CNP0572521.1,CSC1=CC(O)=CC([S@@H+](C)[O-])=C1NNC(N)=O,276.36,0.58,110.44,4,5,4,0,0.21,Peptide alkaloids,Alkaloids,False,-5.032,-5.679,133383,3.6688936,4.569924,-5.3555,17,0.296,0.3340588235294118,0.3150294117647059
CNP0345757.0,O=C(CCCN1C(=O)C2=CC=CC=C2N2C(=O)C3=CC=CC=C3C12)NCC1=NN=C2C=CC=CN12,466.5,2.94,99.91,6,6,1,0,0.47,Anthranilic acid alkaloids,Alkaloids,False,-8.131,-10.37,173175,3.7185116,6.354073,-9.250499999999999,35,0.23231428571428572,0.29628571428571426,0.2643
CNP0573813.1,CC[C@H](NC1=CC(C)=NC2=C(C3=CC=C(OC)C=C3C)C(C)=NN12)C1=NC(C)=NO1,406.49,4.58,90.37,6,8,1,0,0.5,Nicotinic acid alkaloids,Alkaloids,False,-6.713,-9.012,199195,3.894658,6.8608,-7.862500000000001,30,0.22376666666666667,0.3004,0.26208333333333333
CNP0298725.1,CC(=O)O[C@@]12[C@H]3O[C@@]4(O)CC[C@]5(C)[C@H]6C[C@@](C(C)C)(O[C@H]5C5=CC=CO5)O[C@H]1[C@]64O[C@]2(O)C(C)=CC3(C)C,530.61,3.74,116.82,3,9,2,1,0.45,Triterpenoids,Terpenoids,False,-6.354,-7.517,263750,0.40376663,7.1521387,-6.9355,38,0.16721052631578948,0.19781578947368422,0.18251315789473685
CNP0370701.2,C[C@@H]1NC(=O)C=C[C@@H](O)CC[C@H](C)NC(=O)[C@H]2C[C@]1(O)NC1=C2C(=O)N[C@@H](C)C1,406.48,-0.83,139.79,0,6,6,1,0.31,Pseudoalkaloids,Alkaloids,False,-6.098,-8.983,91909,1.0824269,6.991496,-7.5405,29,0.2102758620689655,0.3097586206896552,0.26001724137931037
CNP0137383.1,CC(C)C1=C(O)C2=C3C(=C1O)C(=O)C[C@@H](C(C)(C)C(=O)O)[C@]3(C)CC(=O)O2,376.41,3.1,121.13,3,6,3,0,0.55,Diterpenoids,Terpenoids,False,-6.456,-8.613,99763,0.80090755,6.9626875,-7.5344999999999995,27,0.23911111111111114,0.319,0.27905555555555556
CNP0569236.1,CC1(C)OC2=CC=C3C=CC(=O)OC3=C2C/C1=N/NC(N)=S,317.37,1.7,89.85,1,5,2,0,0.47,Coumarins,Phenolics,False,-6.325,-7.763,8551,1.703923,7.327955,-7.0440000000000005,22,0.28750000000000003,0.3528636363636364,0.32018181818181823
CNP0519603.1,C=C(C#CC1=C[C@H](O)[C@H](OC)[C@@H](O)[C@H]1O)CCCC(C)CO,310.39,0.38,90.15,6,5,4,0,0.53,Meroterpenoids,Terpenoids,False,-4.948,-7.046,13662,2.3970037,4.2739005,-5.997,22,0.22490909090909092,0.32027272727272726,0.2725909090909091
CNP0524412.0,N=C1NC(CC2=CC=C(O)C=C2)=CN1CC1=CC=C(O)C=C1,295.34,2.35,85.03,4,4,4,0,0.6,Histidine alkaloids,Alkaloids,False,-6.619,-8.025,24103,3.640934,5.066675,-7.322,22,0.30086363636363633,0.3647727272727273,0.3328181818181818
CNP0204715.1,N=C(/C=C1\N=C2N=C(N)NC(=O)[C@H]2NC1=O)C(=O)O,264.2,-2.68,170.09,2,7,5,0,0.27,Histidine alkaloids,Alkaloids,False,-6.347,-7.326,104987,4.180396,3.992382,-6.8365,19,0.3340526315789474,0.385578947368421,0.3598157894736842
CNP0612063.0,CN1N=C2N(C)C(=O)N(C)C(=O)C2(C2NC(=N)NC2=O)NC1=O,322.29,-2.76,150.3,1,6,4,0,0.41,Pseudoalkaloids,Alkaloids,False,-6.466,-8.084,137470,3.8077254,3.8485405,-7.275,23,0.2811304347826087,0.3514782608695652,0.31630434782608696
CNP0268933.1,CON1C=C([C@H]2CCN=C(N)N2)C2=CC(Br)=C(Br)C=C21,402.09,2.57,64.57,2,5,2,0,0.81,Histidine alkaloids,Alkaloids,False,-6.674,-7.921,148826,3.3204749,5.5326624,-7.2975,20,0.3337,0.39605,0.364875
CNP0553116.1,COC(=O)N1C2=C(C=CC3=C2OCO3)[C@@]23CCN4CCC[C@]5(CC[C@]12[C@](O)(C(=O)OC)C5)[C@]43O,472.49,1.25,118.0,1,9,2,0,0.58,Tryptophan alkaloids,Alkaloids,False,-6.603,-8.244,192825,1.6370758,7.778551,-7.4235,34,0.19420588235294117,0.2424705882352941,0.21833823529411764
CNP0097924.1,CCCCC[C@H]1C[C@H]2[C@@H]3N[C@H](CNC)CC[C@@H]3C[C@@]34[C@@H](O)[C@@H]5C=C[C@H]6C[C@]5(C)C[C@](O)(C6)[C@@H]3C[C@]24C1,496.78,5.04,64.52,6,4,4,1,0.31,Pseudoalkaloids,Alkaloids,False,-6.052,-8.336,122549,-0.23689683,7.0954638,-7.194,36,0.1681111111111111,0.23155555555555557,0.19983333333333334
CNP0529226.0,N=C(N)N1C=NC=N1,111.11,-0.98,80.58,0,4,2,0,0.33,Pseudoalkaloids,Alkaloids,False,-3.951,-4.289,30130,4.0056686,4.760032,-4.12,8,0.493875,0.536125,0.515
CNP0362387.1,C#CC=CC[C@H]1C[C@H]([C@@H]2C[C@@H](Br)[C@H](CC)O2)C[C@@H]1Br,390.16,4.69,9.23,4,1,0,0,0.5,Diterpenoids,Terpenoids,False,-5.113,-6.868,39590,0.2269261,4.7785945,-5.990500000000001,19,0.26910526315789474,0.36147368421052634,0.31528947368421056
CNP0183690.1,C[C@H]1CC[C@H]2[C@H](C)CC[C@@H](/C(C=O)=C\C(=O)O)N2C1,265.35,2.1,57.61,3,3,1,0,0.63,Lysine alkaloids,Alkaloids,False,-5.503,-7.412,128371,1.3809388,4.9153104,-6.4575,19,0.2896315789473684,0.39010526315789473,0.3398684210526316
CNP0482940.0,[O-][N+]1=CC=NC(O)=C1,112.09,-0.58,60.06,0,3,1,0,0.36,Nicotinic acid alkaloids,Alkaloids,False,-3.73,-4.197,209389,5.4458227,6.3544874,-3.9635,8,0.46625,0.524625,0.4954375
CNP0002551.0,CCCC1NCCS1,131.24,1.45,12.03,2,2,1,0,0.61,Pseudoalkaloids,Alkaloids,False,-3.671,-4.017,268553,1.6829453,4.2495604,-3.8440000000000003,8,0.458875,0.502125,0.48050000000000004
CNP0363284.1,COC1=C(C)C(=O)O/C1=C1/OC2=CC[C@@H]3CC[C@](O)(CC4CCCCC4)[C@@H]4CCC[C@@H]([C@H]2[C@@H]1C)N34,483.65,5.33,68.23,3,6,1,1,0.55,Ornithine alkaloids,Alkaloids,False,-6.981,-9.598,105593,1.0453056,7.5801325,-8.2895,35,0.19945714285714286,0.27422857142857143,0.23684285714285713
CNP0239902.4,O=C1NC(=O)[C@@H](C[C@H]2CNC(=O)C3=CC(Br)=C(Br)N32)N1,406.03,0.9,92.23,2,4,3,0,0.64,Histidine alkaloids,Alkaloids,False,-6.266,-7.069,141940,3.0471525,5.23341,-6.6675,20,0.3133,0.35345,0.333375
CNP0572274.0,CCC1=CN=C(N2CCC(C3=NC(COC4=CC=C(N5C=NN=N5)C=C4)=CS3)CC2)N=C1,448.56,3.43,94.74,7,10,0,0,0.42,Nicotinic acid alkaloids,Alkaloids,False,-7.127,-9.31,222839,3.2733605,5.974415,-8.2185,32,0.22271875,0.2909375,0.256828125
CNP0554873.1,CC[C@@H]1CN(C(=O)CC(C)C)[C@H](CO)[C@@H]1CN1CCOCC1,312.45,1.21,53.01,6,4,1,0,0.8,Ornithine alkaloids,Alkaloids,False,-5.055,-6.494,223937,1.0906928,4.8789916,-5.7745,22,0.22977272727272727,0.29518181818181816,0.2624772727272727
CNP0345195.0,CC(C)=C1CCS(=O)(=O)CC1,174.26,1.53,34.14,0,2,0,0,0.52,Monoterpenoids,Terpenoids,False,-4.64,-5.791,339,1.0732429,5.3232274,-5.2155000000000005,11,0.4218181818181818,0.5264545454545455,0.4741363636363637
CNP0120239.1,CNC(=O)[C@@H]1CC2=CC=CC=C2CN1C(=O)CC1(CN2C=CC=C2)CCCCC1,393.53,3.53,54.34,5,3,1,0,0.84,Lysine alkaloids,Alkaloids,False,-6.545,-8.838,117532,2.7075882,6.154038,-7.6915,29,0.2256896551724138,0.30475862068965515,0.2652241379310345
CNP0156787.1,C[C@@H]1C[C@]2(C)CC(=O)O[C@@H]3CC[N@+]4([O-])CC[C@H](COC(=O)[C@]1(C)O2)[C@H]34,353.42,1.53,84.89,0,6,0,0,0.37,Ornithine alkaloids,Alkaloids,False,-5.959,-7.526,137773,0.80547994,6.203693,-6.7425,25,0.23836,0.30104,0.2697
CNP0440578.1,N=C(N)NCC/C=C1\NC(=O)N(/C=C/C2=CC=C(O)C(Br)=C2)C1=O,394.23,1.43,131.54,5,4,5,0,0.17,Histidine alkaloids,Alkaloids,False,-6.599,-8.023,171968,3.8767,4.8893366,-7.311,24,0.27495833333333336,0.33429166666666665,0.30462500000000003
CNP0343364.1,CN1C=C(C(N)=O)[C@H]2C[C@H](O)[C@H](C(=O)ONC(=O)CS(N)(=O)=O)[C@@H]2C1,376.39,-3.22,182.12,4,8,4,0,0.37,Peptide alkaloids,Alkaloids,False,-5.738,-7.765,206346,2.3224206,4.7405252,-6.7515,25,0.22952000000000003,0.3106,0.27006
CNP0046119.0,C1=CC=C(CSC2=CN=NS2)C=C1,208.31,2.83,25.78,3,4,0,0,0.73,Nicotinic acid alkaloids,Alkaloids,False,-5.133,-5.973,230411,5.2706213,6.543122,-5.553,13,0.39484615384615385,0.4594615384615385,0.42715384615384616
CNP0540432.1,CN1C(=O)[C@@H]2CCC[N@+]2(C)[C@H]1CC1=C(Br)N(C)C2=C(Br)C(Br)=CC=C12,535.1,4.42,25.24,2,2,0,1,0.52,Tryptophan alkaloids,Alkaloids,False,-6.75,-8.141,235134,3.5797288,5.6016974,-7.4455,25,0.27,0.32564,0.29782
CNP0522262.0,COC1=NC(OC)=NC([N+]2(C)CCOCC2)=N1,241.27,-0.14,66.36,3,6,0,0,0.69,Pseudoalkaloids,Alkaloids,False,-4.646,-5.724,239094,2.3176923,5.141278,-5.1850000000000005,17,0.2732941176470588,0.3367058823529412,0.305
CNP0258843.1,C=C(C)[C@@H]1CC2=C(C=CC3=C2O[C@@H]2CO[C@]4(OC)C=C(OC)C(=O)C=C4[C@@]2(O)C3=O)O1,426.42,1.65,100.52,3,8,1,0,0.73,Isoflavonoids,Flavonoids,False,-6.799,-8.678,14560,1.2209402,7.488554,-7.7385,31,0.2193225806451613,0.2799354838709678,0.24962903225806454
CNP0593115.1,CC[C@@H]1C[N+]2=C(C3=C(CC2)C2=C(OC)C=CC=C2N3)[C@@H](S(=O)(=O)[O-])[C@@H]1/C(=C\OC)C(=O)OC,476.55,1.81,120.76,6,7,1,0,0.22,Tryptophan alkaloids,Alkaloids,False,-5.56,-7.37,13704,3.2900822,7.1889086,-6.465,33,0.16848484848484846,0.22333333333333333,0.1959090909090909
CNP0425672.1,O=C1O[C@@H]2O[C@H]3O[C@@H]4C=C(CO)[C@@H]2[C@H]4[C@@H]13,210.18,-0.59,64.99,1,5,1,0,0.46,Monoterpenoids,Terpenoids,False,-5.462,-6.15,42235,1.0460386,6.2714405,-5.806,15,0.3641333333333333,0.41000000000000003,0.38706666666666667
CNP0333157.1,CCC(/C=C/C=C/C=C/C(=O)C1=C(O)C([C@]2(O)CC[C@@H](O)CC2)=CN(O)C1=O)CO,419.47,1.78,140.22,8,8,5,0,0.19,Nicotinic acid alkaloids,Alkaloids,False,-6.48,-7.957,74984,1.582477,6.2180824,-7.218500000000001,30,0.21600000000000003,0.2652333333333333,0.24061666666666667
CNP0461802.2,O=C(NC1=NC=CS1)[C@H]1C[C@@H](O)[C@H](O)[C@@H]2N=C(NC3=CC=C(N4C=CC=N4)C=C3)S[C@@H]21,456.55,1.96,124.66,4,10,4,0,0.47,Nicotinic acid alkaloids,Alkaloids,False,-6.905,-9.238,80163,3.252593,5.839394,-8.0715,31,0.22274193548387097,0.298,0.26037096774193547
CNP0546856.1,COCC1=NN(C(C)C)C([C@H]2CC[C@@H](O)[C@H](N(C)C)C2)=N1,296.42,1.56,63.41,5,6,1,0,0.89,Pseudoalkaloids,Alkaloids,False,-5.197,-6.649,93842,1.6152159,4.902052,-5.923,21,0.2474761904761905,0.31661904761904763,0.28204761904761905
CNP0428515.1,CC[C@@H]1C[C@@](C)(C[C@@H](CC)[C@H](O)CC(=O)O)O[C@H]1[C@@H](CC)C1=CC=[N+](C)C=C1C(=O)[O-],435.56,2.19,110.77,11,5,2,0,0.52,Nicotinic acid alkaloids,Alkaloids,False,-5.731,-7.731,97814,3.230532,6.697783,-6.731,31,0.18487096774193548,0.24938709677419355,0.2171290322580645
CNP0579544.1,C=C(CO)[C@H]1CC[C@@]2(C1)C(=C)[C@@H]1CC[C@H]2C1,218.34,3.31,20.23,2,1,1,0,0.7,Sesquiterpenoids,Terpenoids,False,-5.413,-7.075,118463,-0.11243252,5.462455,-6.244,16,0.3383125,0.4421875,0.39025
CNP0540370.1,C1CCN2C[C@@H]3CCC[C@H]4CCC[N+](=C2C1)[C@H]43,233.38,2.48,6.25,0,1,0,0,0.58,Lysine alkaloids,Alkaloids,False,-5.893,-7.627,200970,1.8007044,5.021761,-6.76,17,0.3466470588235294,0.4486470588235294,0.3976470588235294
CNP0332773.1,ClC1=CC=C(C2=CNC([C@@H]3COCCN3CC3=CNC4=CC=CC=C34)=N2)S1,398.92,4.85,56.94,4,4,2,0,0.52,Tryptophan alkaloids,Alkaloids,False,-7.038,-8.802,211054,3.4301925,6.5062995,-7.92,27,0.26066666666666666,0.326,0.29333333333333333
CNP0584496.1,C[N+](C)(C)C[C@@H](C1=CNC2=CC(Br)=CC=C12)C1=C2OC(CS(=O)(=O)[O-])=NC2=C2NC=CC3=C2C1=CC=N3,582.48,4.9,123.94,6,7,2,1,0.22,Tryptophan alkaloids,Alkaloids,False,-7.753,-9.056,10711,3.8748858,5.5280013,-8.404499999999999,37,0.20954054054054055,0.24475675675675673,0.22714864864864864
CNP0433126.1,CC1=C(O)/C(=C/[C@H](C)CCC/C(C)=C/CCC2=COC(CC3=CCN(CC(=O)O)C3=O)=C2)OC1=O,483.56,4.63,117.28,12,6,2,0,0.33,Sesterterpenoids,Terpenoids,False,-6.35,-8.77,56222,1.8278044,6.0867467,-7.56,35,0.1814285714285714,0.25057142857142856,0.21599999999999997
CNP0238205.0,CN1N=CC2=C(C3=CC=C(OCCC4=CC=C5OCCC5=C4)C=C3)C3=C(N=C21)C1=C(O)C=C(O)C=C1O3,493.52,5.5,102.77,5,8,2,1,0.33,Isoflavonoids,Flavonoids,False,-8.571,-10.45,230902,3.2709668,6.7782364,-9.5105,37,0.23164864864864865,0.28243243243243243,0.25704054054054054
CNP0225353.2,CC(C)[C@@H]1CC=C[C@]23O[C@]4(C)CCC[C@@](C)(CC[C@]12CBr)[C@@H]43,367.37,5.73,9.23,2,1,0,1,0.45,Diterpenoids,Terpenoids,False,-4.871,-7.899,1723,-0.6549903,5.573165,-6.385,22,0.22140909090909092,0.35904545454545456,0.2902272727272727
CNP0201336.2,N[C@H]([C@@H](O)N(O)[C@H](O)[C@@H](N)N1C=CC(=O)C=C1)N1C=CC(=O)C=C1,337.34,-2.05,159.97,6,10,5,0,0.3,Nicotinic acid alkaloids,Alkaloids,False,-5.671,-7.195,27165,4.4200644,4.97964,-6.433,24,0.23629166666666668,0.2997916666666667,0.2680416666666667
CNP0577775.1,COC1=C(Cl)C=C(Cl)C=C1[C@H](O)C1=C([N+](=O)[O-])C(Cl)=C(Cl)N1,386.02,4.63,88.39,4,4,2,0,0.59,Proline alkaloids,Alkaloids,False,-5.627,-7.256,47219,4.403558,6.170916,-6.4415,22,0.25577272727272726,0.32981818181818184,0.2927954545454545
CNP0599148.1,C=C[C@]1(C)C[C@@H](OC(=O)CS[C@@H]2CC[C@@H](N)C[C@H]2O)[C@]2(C)[C@H](C)CC[C@]3(CCC(=O)[C@H]32)[C@@H](C)[C@@H]1O,507.74,3.87,109.85,5,7,3,1,0.38,Diterpenoids,Terpenoids,False,-6.368,-8.579,55524,-0.012696879,6.802492,-7.4735000000000005,35,0.18194285714285716,0.24511428571428573,0.21352857142857146
CNP0547341.0,[2H]CC1=CN(C2=CC=CC=C2)C(=C)C=C1,184.26,3.48,3.24,2,1,0,0,0.68,Anthranilic acid alkaloids,Alkaloids,False,-5.216,-6.602,55671,4.9244742,7.148926,-5.909000000000001,14,0.3725714285714286,0.4715714285714286,0.4220714285714286
CNP0453909.1,COC1=CC=C(/N=C2\SC(=S)N2C2=CC=C(OC)N=C2)C=N1,332.41,3.02,59.84,4,7,0,0,0.8,Nicotinic acid alkaloids,Alkaloids,False,-5.593,-6.903,153963,5.2671013,5.623918,-6.247999999999999,22,0.25422727272727275,0.31377272727272726,0.28400000000000003
CNP0143068.1,CC(C)=CC#C/C(C)=C/C/C=C(/C=O)CC=O,230.31,3.01,34.14,5,2,0,0,0.41,Monoterpenoids,Terpenoids,False,-5.617,-6.577,189355,1.8256944,5.467995,-6.0969999999999995,17,0.33041176470588235,0.38688235294117646,0.35864705882352943
CNP0546580.1,CC1(C)CC(Cl)=C/C(=C/C#N)C1,181.67,3.38,23.79,0,1,0,0,0.53,Monoterpenoids,Terpenoids,False,-4.782,-5.941,229645,-0.6778709,5.488512,-5.3614999999999995,12,0.3985,0.4950833333333333,0.4467916666666667
CNP0609311.1,N=C1C=CN([C@@H]2OC/C(=N\O)C[C@H]2O)C(O)=N1,240.22,-0.82,123.95,1,8,4,0,0.38,Nicotinic acid alkaloids,Alkaloids,False,-5.347,-6.821,236610,4.3318863,5.060839,-6.084,17,0.3145294117647059,0.401235294117647,0.35788235294117643
CNP0608667.0,CC12CC34C=CC(=O)C(C)(CCC(=O)NC5=C(O)C=CC6=C5OC(=O)N=C6O)C3C(CC1C4)O2,466.49,3.04,138.96,4,8,3,0,0.58,Diterpenoids,Terpenoids,False,-7.196,-10.56,49052,1.4208158,7.3529763,-8.878,34,0.2116470588235294,0.31058823529411766,0.26111764705882357
CNP0173360.1,CC1=C2N=C(N)N=C2[C@@H]2C(=NC(=N)N2C)C=C1,228.26,0.29,90.19,0,4,2,0,0.62,Histidine alkaloids,Alkaloids,False,-6.177,-7.568,97931,4.400767,4.1883154,-6.8725,17,0.36335294117647055,0.4451764705882353,0.4042647058823529
CNP0539396.1,O=C(C1=CC=C2C=[N+]([O-])CC[C@H]2C1)C1=CC=NC2=CC=CC=C12,304.35,3.28,56.03,2,3,0,0,0.49,Tryptophan alkaloids,Alkaloids,False,-7.79,-9.088,120540,5.0627575,7.00016,-8.439,23,0.33869565217391306,0.3951304347826087,0.36691304347826087
CNP0346286.0,COCCC1=C(C)C(O)=C2C(C)=C(C)CC2=C1C,246.35,3.55,29.46,3,2,1,0,0.88,Sesquiterpenoids,Terpenoids,False,-5.645,-7.493,198165,0.9671377,5.7635617,-6.569,18,0.31361111111111106,0.4162777777777778,0.3649444444444444
CNP0574426.1,CN1C(O)=C(/C=C2\C=NC3=CC(Br)=CC=C23)N(C)C1=N,333.19,2.57,66.3,1,5,2,0,0.83,Histidine alkaloids,Alkaloids,False,-6.33,-7.572,34691,3.921839,5.258257,-6.9510000000000005,20,0.3165,0.3786,0.34755
CNP0509222.0,N#CNC(N)=NCCCCCCN=C(N)N=C(N)NC1=CC=C(Cl)C=C1,377.88,1.33,162.99,8,3,5,0,0.15,Ornithine alkaloids,Alkaloids,False,-6.226,-7.556,40554,3.9897542,4.494406,-6.891,26,0.23946153846153845,0.2906153846153846,0.26503846153846156
CNP0560965.1,CC1O[C@@]2(CS1)CN1CCC2CC1,199.32,1.56,12.47,0,3,0,0,0.59,Lysine alkaloids,Alkaloids,False,-4.881,-5.743,112157,0.93712693,5.182877,-5.312,13,0.37546153846153846,0.4417692307692308,0.4086153846153846
CNP0017878.1,CO[C@H]1C(=O)[C@H](C)[C@]23CC[C@@]2(C)[C@@H](Br)C[C@]3(C)[C@H]1C,329.28,3.82,26.3,1,2,0,0,0.68,Sesquiterpenoids,Terpenoids,False,-4.441,-6.889,139236,0.30687448,6.715881,-5.665,19,0.23373684210526316,0.36257894736842106,0.2981578947368421
CNP0546613.1,CO[C@@H]1C[C@@H]2CCN[C@@H]3CCN4[C@H]([C@@H]1N[C@H]4C(C)C)[C@H]23,279.43,1.03,36.53,2,4,2,0,0.79,Lysine alkaloids,Alkaloids,False,-5.309,-7.486,193002,0.71950245,4.3770075,-6.3975,20,0.26545,0.37429999999999997,0.319875
CNP0342514.1,C=C1CO[C@](O)(C2OCOC(C3CC(=O)N=C(O)C3)[C@H]2C)[C@H]1C,325.36,1.17,97.58,2,5,2,0,0.74,Sesquiterpenoids,Terpenoids,False,-6.384,-7.831,202055,0.43124348,5.657751,-7.1075,23,0.27756521739130435,0.34047826086956523,0.3090217391304348
CNP0526147.0,CN1CCN2C1=NC1=C(Br)C(Br)=C(Br)C(Br)=C12,488.8,4.54,21.06,0,3,0,0,0.4,Histidine alkaloids,Alkaloids,False,-5.35,-6.705,220251,3.0296724,4.821037,-6.0275,17,0.31470588235294117,0.39441176470588235,0.35455882352941176
CNP0085700.1,C=C1C2=C(C=C3C=CNC3=C2)CN2CC[C@@H]1/C(=C\C)C2,264.37,3.96,19.03,0,1,1,0,0.71,Tryptophan alkaloids,Alkaloids,False,-6.301,-8.748,238064,2.9204156,6.8543015,-7.5245,20,0.31505,0.43739999999999996,0.376225
CNP0181547.0,COC1=CC=C(C(=O)C(C(C)=O)=C2SCCCS2)C=C1,308.42,3.55,43.37,4,5,0,0,0.37,Flavonoids,Flavonoids,False,-5.258,-6.902,77660,3.5638413,7.493376,-6.08,20,0.2629,0.3451,0.30400000000000005
CNP0383885.0,CC1=CC2=CC(C)=C(CCC3=CCOC3=O)C(C)=C2CCC1,296.41,4.46,26.3,3,2,0,0,0.77,Diterpenoids,Terpenoids,False,-7.25,-9.64,123120,1.5582231,6.292925,-8.445,22,0.32954545454545453,0.43818181818181823,0.3838636363636364
CNP0292087.0,O=C(O)C1=NC=CN=C1C(=O)NC1=CC=CC=C1C1=CC=C(CO)O1,339.31,2.18,125.55,5,6,3,0,0.65,Nicotinic acid alkaloids,Alkaloids,False,-6.349,-7.501,133250,4.430095,6.8091583,-6.925000000000001,25,0.25396,0.30004000000000003,0.277
CNP0569319.0,CC[N+](C)(CC)CCC[N+]1=C(C2=CC=CC=C2)C2=CC(N)=CC=C2C2=CC=C(N)C=C21,414.6,4.99,55.92,7,2,2,0,0.19,Tyrosine alkaloids,Alkaloids,False,-6.017,-7.572,153212,5.0870457,6.368723,-6.7945,31,0.1940967741935484,0.24425806451612903,0.2191774193548387
CNP0182937.1,CC(C)[C@H]1[C@@H]2CO[C@H]1[C@H]1N(C)C[C@H]3CC[C@@H]2[C@]31C,249.4,2.63,12.47,1,2,0,0,0.71,Pseudoalkaloids,Alkaloids,False,-4.958,-7.196,89716,-0.42033365,5.941965,-6.077,18,0.27544444444444444,0.3997777777777778,0.3376111111111111
CNP0483210.0,BrC1=CC=CC(C2=CC(NCC3=CC=NC=C3)=[N+]3NC=NC3=N2)=C1,382.25,2.98,70.59,4,4,2,0,0.53,Nicotinic acid alkaloids,Alkaloids,False,-7.076,-8.219,110795,4.338282,6.02978,-7.647499999999999,24,0.29483333333333334,0.3424583333333333,0.3186458333333333
CNP0357867.1,C[C@@H]1CC[C@H]2[C@]13CC[C@@]1(C)O[C@]2(C)[C@@H](NCCCCN(C)CCCN(C)C)[C@H]1C3,405.67,4.0,27.74,10,4,1,0,0.56,Pseudoalkaloids,Alkaloids,False,-5.191,-7.354,178605,-0.58671695,7.0802045,-6.2725,29,0.179,0.2535862068965517,0.21629310344827585
CNP0164945.1,C[C@@]12CCO[C@@H]1C1=C[C@H]3OC(=O)[C@@]4(C)CCC[C@@](C)([C@@H]34)[C@H]1CC2,316.44,3.87,35.53,0,3,0,0,0.5,Diterpenoids,Terpenoids,False,-6.188,-8.675,182849,-0.668355,6.5220027,-7.4315,23,0.26904347826086955,0.3771739130434783,0.3231086956521739
CNP0181940.1,C[C@@H](O)[C@@H](C)C(=O)O[C@@H]1[C@H]2CC[C@H]3[C@@](C)(O)[C@@H]4[C@@H]5O[C@@H]5C(C)(C)[C@@]4(O)[C@H](O)C[C@@]13C[C@]2(C)O,468.59,0.75,139.98,3,8,5,0,0.3,Diterpenoids,Terpenoids,False,-5.844,-7.577,6814,-0.17627108,6.471544,-6.7105,33,0.1770909090909091,0.2296060606060606,0.20334848484848483
CNP0404493.2,CC(=O)N1CCC[C@@H]2[C@@H](C[C@H]3CC[C@@H]4[C@@H]5C[C@@H]6[C@@H](C[C@@H](C)C[C@@H]6N(C)C5)C[C@@H]4N3)C[C@H](C)C[C@@H]21,469.76,5.17,35.58,2,3,1,1,0.61,Lysine alkaloids,Alkaloids,False,-7.79,-10.75,67166,0.95691305,4.7240047,-9.27,34,0.22911764705882354,0.3161764705882353,0.2726470588235294
CNP0489126.1,O=C1NNC(=O)C2=CC([N+]3=NC(/C=C/C4=CC=CC=C4)=NN3C3=NC4=CC=CC=C4S3)=CC=C12,466.51,2.85,113.2,4,7,2,0,0.39,Anthranilic acid alkaloids,Alkaloids,False,-8.643,-10.24,90654,4.6057987,6.873119,-9.441500000000001,34,0.25420588235294117,0.3011764705882353,0.2776911764705883
CNP0414061.1,C[C@]12COC(=O)[C@H](O)[C@@]3(CC(=O)[C@]1(C)O)[C@]2(O)CC[C@]3(C)O,314.33,-1.1,124.29,0,7,4,0,0.42,Sesquiterpenoids,Terpenoids,False,-5.551,-7.376,156072,0.2810122,7.0439177,-6.4635,22,0.25231818181818183,0.3352727272727273,0.2937954545454545
CNP0200922.1,CC(C)=CCOC1=C2C=C3C=CC=C[C@H]3N(C)C2=C[C@@H](O)C1=O,311.38,2.42,49.77,3,4,1,0,0.81,Tryptophan alkaloids,Alkaloids,False,-6.462,-7.933,226450,2.1362424,6.606159,-7.1975,23,0.28095652173913044,0.34491304347826085,0.31293478260869567
CNP0346821.1,COC1=CC=C([C@@]2(CCN(C)C=O)CCC3=NC=CC=C3C2)C=C1OC,354.45,3.0,51.66,7,4,0,0,0.72,Nicotinic acid alkaloids,Alkaloids,False,-6.332,-8.638,67509,3.7040663,7.570743,-7.484999999999999,26,0.24353846153846154,0.3322307692307692,0.2878846153846154
CNP0526097.1,CC1=NOC(C)=C1CN1C[C@@H]2C[C@H](NC(=O)NC(C)C)CN2C(=O)[C@@H]1CNC(=O)C1CC1,446.55,0.68,119.81,7,6,3,0,0.57,Ornithine alkaloids,Alkaloids,False,-5.511,-7.78,86944,2.6483967,5.784957,-6.6455,32,0.17221875,0.243125,0.207671875
CNP0463007.2,CC[C@H](C)[C@@]1(OC)NC(=O)[C@@H](C(C)C)N2C1=NC1=C(C=C(OC)C=CO1)C2=O,389.45,2.31,91.68,5,7,1,0,0.83,Peptide alkaloids,Alkaloids,False,-5.938,-8.215,17418,2.7403631,5.3298993,-7.076499999999999,28,0.21207142857142855,0.2933928571428571,0.25273214285714285
CNP0549496.1,CC1=CC(=O)C2=C(O)C3=C(C=C2O1)OC(C)(C)[C@@H]1OC(=O)[C@]2(CCC[C@H]31)O[C@@H]2CCC1=CC=[NH+]C(N)=C1,507.56,3.32,138.66,3,8,2,1,0.41,Chromanes,Phenolics,False,-8.039,-10.31,23962,0.8581496,7.631128,-9.1745,37,0.21727027027027027,0.2786486486486487,0.24795945945945946
CNP0098724.1,C=C1CC[C@@H]2C([C@@H]3C[C@@H](C)C[C@H]13)[C@@]2([C@H]1CCC[C@H](NC)C1)[C@H](N)C=O,344.54,3.54,55.12,4,3,2,0,0.61,Pseudoalkaloids,Alkaloids,False,-5.464,-8.249,132170,-0.32509345,6.753709,-6.8565000000000005,25,0.21856,0.32996000000000003,0.27426
CNP0383594.1,C=CCC1=CC=C(O[C@H]2O[C@H]([C@@H](O)CCCO)[C@@H](O)[C@H](O)[C@]23C[C@H](CO)[C@@H](CCO)C=CO3)C=C1,494.58,0.65,149.07,11,9,6,1,0.24,Lignans,Phenolics,False,-6.326,-8.563,84415,1.6106461,6.697773,-7.4445,35,0.18074285714285712,0.24465714285714288,0.2127
CNP0518270.0,C=CC1=CN=CN1,94.12,1.05,28.68,1,1,1,0,0.55,Histidine alkaloids,Alkaloids,False,-3.692,-3.817,2440,5.3335533,4.9730597,-3.7545,7,0.5274285714285715,0.5452857142857143,0.5363571428571429
CNP0587729.0,CC1CCC2C(C)(C)C(O)CCC2(C)C12CC1=C(O)C=C3CN=C(N)C3=C1O2,384.52,3.52,88.07,0,5,3,0,0.64,Meroterpenoids,Terpenoids,False,-6.138,-9.419,9618,-0.32867193,7.2162976,-7.7785,28,0.21921428571428572,0.33639285714285716,0.2778035714285714
CNP0460949.2,CN1C(O)=C(C(=O)C[C@H](NC2=CC=CC3=CC=CC(N)=C23)C2=CC=CO2)C(=O)C2=CC=CC=C21,453.5,5.0,110.49,6,7,3,0,0.25,Anthranilic acid alkaloids,Alkaloids,False,-7.13,-9.723,13578,4.5692463,7.303893,-8.4265,34,0.2097058823529412,0.28597058823529414,0.24783823529411766
CNP0576049.1,[C-]#[N+]C(=C\C1=CN(C)C2=CC=CC=C12)/C=C/C(=C)C,248.33,4.57,9.29,3,1,0,0,0.56,Tryptophan alkaloids,Alkaloids,False,-6.114,-7.139,15652,4.611054,7.3611016,-6.6265,19,0.3217894736842105,0.37573684210526315,0.34876315789473683
CNP0031886.2,CO[C@@H]1CO[C@H]2[C@@H]1OC[C@@H]2N(C)C1=NC=CC(C2=CC=C(N(C)C)C=C2)=N1,370.45,1.83,59.95,5,7,0,0,0.8,Nicotinic acid alkaloids,Alkaloids,False,-6.52,-8.42,17675,5.147597,5.961325,-7.47,27,0.24148148148148146,0.3118518518518518,0.2766666666666666
CNP0598625.1,O=C1C=CN2C[C@H]3C[C@H](C[N@+]4([O-])CCCC[C@@H]34)[C@H]2C1,262.35,1.66,43.37,0,3,0,0,0.49,Lysine alkaloids,Alkaloids,False,-6.03,-7.586,18947,1.8602352,5.2564964,-6.808,19,0.3173684210526316,0.3992631578947369,0.35831578947368425
CNP0339010.3,CCCOC[C@@H]1C[C@]2(C[C@](C)(C3=CSC(NC4=CC=CC=C4)=N3)OC2=O)C(=O)O1,416.5,3.78,86.75,7,8,1,0,0.42,Coumarins,Phenolics,False,-6.265,-8.037,21336,2.3953178,7.0221586,-7.151,29,0.21603448275862067,0.2771379310344828,0.24658620689655175
CNP0075322.0,NC(=O)C1=C(Br)C(Br)=CN1,267.91,1.64,58.88,1,1,2,0,0.8,Proline alkaloids,Alkaloids,False,-4.515,-4.819,24074,4.0212092,4.7924466,-4.667,10,0.45149999999999996,0.4819,0.4667
CNP0300944.1,N[C@@]12CC[C@@H](N1)[C@H](O)[C@@H](O)[C@@H]2O,174.2,-2.51,98.74,0,5,5,0,0.28,Ornithine alkaloids,Alkaloids,False,-5.306,-5.153,27253,0.3444067,4.5586104,-5.2295,12,0.44216666666666665,0.4294166666666666,0.43579166666666663
CNP0467281.2,C1=CC2=C(C=C1C1CCCCC1)[C@@H]1CCC[C@H]3NCCN2[C@@H]31,296.46,4.16,15.27,1,2,1,0,0.84,Lysine alkaloids,Alkaloids,False,-7.318,-8.832,31905,3.087602,5.840158,-8.075,22,0.3326363636363636,0.4014545454545455,0.36704545454545456
CNP0417750.0,O=C1NC=CC2=C(S(=O)(=O)N3CCCNCC3)C=CC=C12,307.38,0.51,82.27,2,4,2,0,0.85,Lysine alkaloids,Alkaloids,False,-6.373,-7.867,32261,3.2086217,6.2126575,-7.12,21,0.3034761904761905,0.37461904761904763,0.33904761904761904
CNP0254126.0,C=CN1C=NC2=NOC=C21,135.13,1.12,43.85,1,4,0,0,0.59,Pseudoalkaloids,Alkaloids,False,-4.187,-4.585,34257,5.4475155,4.9550757,-4.386,10,0.4187,0.4585,0.4386
CNP0335990.0,NC1=C(Cl)C=CC=C1C1=CNC=C1,192.65,2.92,41.81,1,1,2,0,0.67,Proline alkaloids,Alkaloids,False,-5.414,-6.412,43413,4.899452,6.3298874,-5.913,13,0.41646153846153844,0.49323076923076925,0.45484615384615384
CNP0284685.2,C/C1=C/NC(=O)N/C=C\C(=O)NNC1=O,210.19,-1.14,99.33,0,3,4,0,0.41,Histidine alkaloids,Alkaloids,False,-5.467,-6.423,55944,2.1669354,6.712619,-5.945,15,0.36446666666666666,0.4282,0.3963333333333333
CNP0586643.1,OC1=N[C@@H]([C@H]2CC[C@H](Cl)CN2)C(O)=N[C@H]1[C@H]1CC[C@H](Cl)CN1,349.26,1.37,89.24,2,4,4,0,0.57,Lysine alkaloids,Alkaloids,False,-6.219,-7.53,57060,1.1000355,4.0350604,-6.8745,22,0.2826818181818182,0.3422727272727273,0.31247727272727277
CNP0270732.1,CC(=O)C1=C(OC2=C(C)C3=C(O2)[C@@H](O)[C@H]2CCC[C@H](C)[C@@]2(C)C3)C[C@H]2CCC[C@H](C)[C@@]2(C)C1,454.65,7.08,59.67,3,4,1,1,0.53,Sesquiterpenoids,Terpenoids,False,-7.251,-10.76,64895,0.41283554,7.3956914,-9.0055,33,0.21972727272727274,0.32606060606060605,0.2728939393939394
CNP0515695.0,OC(C1=CC=CC=C1)(C1=CC=CC=C1)C12CC[N+](CCOCC3=CC=CC=C3)(CC1)CC2,428.6,5.14,29.46,8,2,1,1,0.4,Ornithine alkaloids,Alkaloids,False,-6.719,-9.382,65815,3.783645,6.93723,-8.0505,32,0.20996875,0.2931875,0.251578125
CNP0012401.1,O=C1NC[C@@H](CCC(=O)N2CCC3=CC=CC=C32)N2C[C@@H](NC(=S)NC3=CC=CC=C3)C[C@@H]12,463.61,2.28,76.71,5,4,3,0,0.59,Tryptophan alkaloids,Alkaloids,False,-7.189,-8.968,75954,2.8344173,6.0722647,-8.0785,33,0.21784848484848485,0.27175757575757575,0.2448030303030303
CNP0602508.0,O=C1N=C2NC(=O)NC2(O)C(=O)N1,184.11,-2.36,119.89,0,4,4,0,0.34,Pseudoalkaloids,Alkaloids,False,-5.779,-5.661,81134,4.409211,3.9477355,-5.72,13,0.44453846153846155,0.43546153846153846,0.44
CNP0504897.0,CSC1=C(C2=CC=NC(SCC(=O)C3=CC=CC=C3)=N2)C(C)=C(C2=NC(C)=CS2)S1,469.68,6.64,55.74,7,8,0,1,0.17,Nicotinic acid alkaloids,Alkaloids,False,-5.874,-9.105,82865,4.8888936,5.8970923,-7.4895,30,0.1958,0.3035,0.24964999999999998
CNP0084192.0,CC1(C)C2=CC=CC(C)(C)C23C=CC1C3,200.32,4.11,0.0,0,0,0,0,0.52,Sesquiterpenoids,Terpenoids,False,-4.641,-7.119,83276,0.07816451,5.49796,-5.88,15,0.3094,0.47459999999999997,0.392
CNP0606030.0,CC1C=CC(Br)C(C)(C)C1CCC(C)(O)C(O)CBr,398.18,3.89,40.46,5,2,2,0,0.55,Sesquiterpenoids,Terpenoids,False,-4.859,-6.534,84249,-0.72200155,5.3585186,-5.6965,19,0.25573684210526315,0.34389473684210525,0.2998157894736842
CNP0608451.1,OC1[C@@H]2[C@@H](O)[C@H](O)[C@@H](O)N2C[C@@H]1O,191.18,-3.55,104.39,0,6,5,0,0.27,Lysine alkaloids,Alkaloids,False,-4.891,-5.122,84406,0.7480826,4.671312,-5.0065,13,0.37623076923076926,0.394,0.38511538461538464
CNP0187347.1,CC[C@@H](OC)/C(C)=C/C[C@H](C)/C=C1\CN2CCC[C@H]2[C@@](C)(O)C1,321.51,3.93,32.7,6,3,1,0,0.75,Lysine alkaloids,Alkaloids,False,-5.726,-7.045,85794,1.4154993,5.644331,-6.3855,23,0.24895652173913044,0.30630434782608695,0.2776304347826087
CNP0550183.0,CC1(C)CC2=C(CCC3(O2)C(=O)CC(C)(C)[N+](=O)C3(C)C)C(C)(C)N1[O-],364.49,3.86,72.68,0,5,0,0,0.61,Sesquiterpenoids,Terpenoids,False,-6.513,-9.0,87305,0.63263255,6.8003945,-7.7565,26,0.2505,0.34615384615384615,0.2983269230769231
CNP0050017.0,CN1C=CC2=C1C=CN1N=C3C4=C(C=CN3N=C21)N(C)C=C4,290.33,1.97,41.06,0,6,0,0,0.74,Tryptophan alkaloids,Alkaloids,False,-6.339,-8.057,89213,4.3162565,5.3602843,-7.198,22,0.28813636363636363,0.36622727272727273,0.3271818181818182
CNP0446937.0,CN(C)C12CCN(CC1)CC2,154.26,0.79,6.48,1,2,0,0,0.55,Ornithine alkaloids,Alkaloids,False,-4.472,-4.65,94728,1.4258844,4.5264015,-4.561,11,0.4065454545454546,0.4227272727272728,0.4146363636363637
CNP0068366.1,CC1=C(/C=N/O)C(=O)[C@@H](C(C)C)C=C1,193.25,2.17,49.66,2,3,1,0,0.41,Monoterpenoids,Terpenoids,False,-5.153,-6.258,98482,2.1044154,6.022358,-5.7055,14,0.36807142857142855,0.447,0.4075357142857143
CNP0102652.3,NC(=O)NC[C@H](NC(=O)[C@@H](O)[C@H](O)[C@H](N)[C@H](O)C[C@@H](O)[C@@H](N)CO)C(N)=O,396.4,-6.89,280.5,12,10,11,1,0.15,Peptide alkaloids,Alkaloids,False,-5.458,-6.311,98634,3.0184062,3.8703592,-5.8845,27,0.20214814814814816,0.23374074074074075,0.21794444444444444
CNP0110117.1,COC1=C(C=O)C(=O)O[C@@]12[C@@H]1O[C@@H]1[C@@]1(O)[C@H]3C(=O)O[C@@H]([C@@H](OC)[C@]12C)[C@@]3(O)C(C)C,424.4,-1.14,141.12,4,10,2,0,0.25,Sesquiterpenoids,Terpenoids,False,-5.251,-7.194,111512,0.94717747,7.4938197,-6.2225,30,0.17503333333333335,0.23979999999999999,0.20741666666666667
CNP0406014.0,C1=CC2=C3C(=C1)C=CC1=CC=C(C=C2)N13,191.23,3.68,4.41,0,1,0,0,0.4,Tryptophan alkaloids,Alkaloids,False,-6.358,-7.4,120318,4.8907986,6.666537,-6.879,15,0.42386666666666667,0.49333333333333335,0.4586
CNP0578737.1,COC(=O)CCC(=O)[C@@]12C(O)=N[C@@H](CC(C)C)[C@@H]1[C@H](C)C(C)=C[C@@H]2/C=C(\C)CCC(=O)O,447.57,4.52,113.26,10,5,2,0,0.38,Pseudoalkaloids,Alkaloids,False,-5.607,-7.192,121944,2.4477305,5.9033794,-6.3995,32,0.17521875,0.22475,0.199984375
CNP0267992.0,N=C1C=NOC2=CNC=C12,135.13,0.64,65.67,0,3,2,0,0.56,Histidine alkaloids,Alkaloids,False,-4.546,-4.798,125169,5.32714,5.002026,-4.672000000000001,10,0.4546,0.4798,0.4672
CNP0567230.1,O=C([O-])C1CCCN1/C=C(O)\C=C\C=[N+]1/CCCC1C(=O)O,308.33,-0.51,103.91,5,5,2,0,0.4,Lysine alkaloids,Alkaloids,False,-5.157,-7.284,128532,2.1996832,5.144821,-6.2204999999999995,22,0.2344090909090909,0.3310909090909091,0.28275
CNP0174187.0,CC1=CC(N(C)C)=C2N=CN=C2C2=C1N(C)C(N)=N2,256.31,1.42,72.86,1,6,1,0,0.71,Pseudoalkaloids,Alkaloids,False,-5.662,-6.62,136296,4.6103926,5.330381,-6.141,19,0.298,0.34842105263157896,0.3232105263157895
CNP0116935.2,CC1=C(C)[C@@]2(C=C/C(=C/Br)CC2)C(C)CC1=O,295.22,4.55,17.07,0,1,0,0,0.64,Sesquiterpenoids,Terpenoids,False,-5.563,-7.492,142369,0.3931085,6.2317924,-6.5275,17,0.32723529411764707,0.44070588235294117,0.3839705882352941
CNP0342532.1,C[C@@H]1CC=CC2=CC[C@@H]3[C@@H](C3(C)C)[C@]21C,202.34,4.19,0.0,0,0,0,0,0.55,Sesquiterpenoids,Terpenoids,False,-4.983,-7.225,143302,-0.15007433,6.032654,-6.103999999999999,15,0.3322,0.48166666666666663,0.4069333333333333
CNP0106028.1,O[C@H]1O[C@@H]2O[C@@H]3C[C@H]4C[C@@H]3[C@@H]2[C@H]41,168.19,0.33,38.69,0,3,1,0,0.57,Monoterpenoids,Terpenoids,False,-5.317,-5.681,143515,0.5494611,5.4716034,-5.4990000000000006,12,0.44308333333333333,0.47341666666666665,0.45825
CNP0344047.0,CC1(C)OC1C(O)C1=CC=CC2=C1NC=C2,217.27,2.38,48.55,2,2,2,0,0.76,Tryptophan alkaloids,Alkaloids,False,-5.578,-6.558,152219,3.452037,6.9458814,-6.068,16,0.348625,0.409875,0.37925
CNP0444001.0,C=CC1CCC(CC)C2=C3C(OC2=O)C(=O)C=CCC31,272.34,2.98,43.37,2,3,0,0,0.57,Diterpenoids,Terpenoids,False,-6.092,-7.889,154928,1.8025626,6.766837,-6.9905,20,0.3046,0.39445,0.349525
CNP0471385.3,C/C1=N\C[C@H](C)NC(C)(C)C/C(C)=N/[C@H](C)CNC(C)(C)C1,308.51,3.22,48.78,0,4,2,0,0.72,Pseudoalkaloids,Alkaloids,False,-5.003,-6.706,157885,0.39932477,4.6142335,-5.8545,22,0.22740909090909092,0.3048181818181818,0.2661136363636364
CNP0104532.0,C1=C2C=C3C4=NC5=CC=CC=C5C4=CCN3C=C2CCC1,272.35,4.36,15.6,0,2,0,0,0.68,Tryptophan alkaloids,Alkaloids,False,-7.127,-8.709,159921,4.0410175,7.642394,-7.917999999999999,21,0.3393809523809524,0.4147142857142857,0.3770476190476191
CNP0068852.0,CC1=NN(CN(CN2N=C(C)C=C2C)CN2N=C(C)C=C2C)C(C)=C1,341.46,2.7,56.7,6,7,0,0,0.69,Nicotinic acid alkaloids,Alkaloids,False,-5.144,-7.782,163830,4.167645,5.9454503,-6.463,25,0.20576,0.31128,0.25851999999999997
CNP0330454.1,CO[C@H]1[C@@H](OC(=O)C=C(C)C)[C@@]2(C)C3=CC(=O)[C@@H](C4=C[C@@H](O)O[C@H]4O)[C@]3(C)[C@@H](O)[C@@H](O)[C@@H]2[C@@]2(C)C(=O)C=CC(C)(C)[C@H]12,586.68,1.76,159.82,4,10,4,1,0.22,Triterpenoids,Terpenoids,False,-6.944,-7.007,165866,0.82578677,7.316577,-6.9755,42,0.16533333333333333,0.16683333333333333,0.16608333333333333
CNP0479057.0,CCSC1=CC(OC)=C(CC(C)N)C=C1OC,255.38,2.71,44.48,6,4,1,0,0.79,Tyrosine alkaloids,Alkaloids,False,-4.526,-5.902,171654,3.2989633,7.8086634,-5.214,17,0.26623529411764707,0.3471764705882353,0.30670588235294116
CNP0322242.0,C=C1C(C)(C)C2(Cl)C(Cl)(Cl)C(Cl)(Cl)C1(Cl)C2(Cl)Cl,411.8,6.07,0.0,0,0,0,1,0.33,Monoterpenoids,Terpenoids,False,-4.09,-6.327,173224,-0.55017716,5.2220755,-5.2085,18,0.22722222222222221,0.3515,0.28936111111111107
CNP0159351.2,N[C@H]1CCCN([P@@](N)(=O)NS(=O)(=O)O)C1=O,272.22,-1.6,155.82,3,5,4,0,0.36,Lysine alkaloids,Alkaloids,False,-4.665,-5.643,179287,2.1623592,4.9263034,-5.154,16,0.2915625,0.3526875,0.322125
CNP0441979.0,O=C1N=C(O)N=C2N=NN=C12,151.08,-0.34,99.1,0,5,1,0,0.51,Pseudoalkaloids,Alkaloids,False,-4.769,-5.035,187958,4.5046916,4.0105147,-4.902,11,0.43354545454545457,0.45772727272727276,0.44563636363636366
CNP0486200.0,CC1(C)CC(C)(C)CC(C)(N)C1,169.31,2.94,26.02,0,1,1,0,0.59,Monoterpenoids,Terpenoids,False,-4.759,-6.293,201708,-0.2509216,4.9188986,-5.526,12,0.39658333333333334,0.5244166666666666,0.4605
CNP0201224.0,OC1CC2(O)COC3OCCC1C32,186.21,-0.51,58.92,0,4,2,0,0.53,Monoterpenoids,Terpenoids,False,-5.026,-5.67,202180,0.343353,5.4963856,-5.348,13,0.3866153846153846,0.43615384615384617,0.41138461538461535
CNP0328849.1,CC(C)[C@H]1[C@@H](O)C(=O)C2=C3NC(=O)C4=C3[C@@](C)(CC[C@@H]4O)CC[C@@]21C,345.44,1.84,86.63,1,4,3,0,0.68,Diterpenoids,Terpenoids,False,-6.529,-8.47,206311,0.4958272,6.211865,-7.4995,25,0.26116,0.33880000000000005,0.29998
CNP0220702.0,CC1=CC2=C(C=C1C)N(CC(O)C(O)C(O)C=O)C1=NC(=O)NC(=O)C1=N2,374.35,-1.52,158.4,5,9,4,0,0.31,Pseudoalkaloids,Alkaloids,False,-5.671,-7.686,215609,4.2125335,4.581499,-6.6785,27,0.21003703703703705,0.2846666666666667,0.24735185185185188
CNP0521905.0,CC1(C)C=CC2C(CCC3C2[N+]([O-])=C2C(C)(C)C4CC56CCCN5C(=O)C4(CC23O)N=C6O)O1,469.58,2.33,108.43,0,5,2,0,0.32,Pseudoalkaloids,Alkaloids,False,-7.192,-9.983,215781,0.17119473,7.268748,-8.5875,34,0.21152941176470588,0.29361764705882354,0.2525735294117647
CNP0453177.1,C[C@H]1CC[C@@H]2N(C1)C[C@H]1[C@H]3[C@@H]4C=C[C@@H]5CC[C@]6(C[C@H](O)[C@H]7C[C@@H](O)CC[C@@]57[C@@H]46)[C@@H]3C[C@H]3CCC[C@]2(O)[C@@H]31,507.76,4.62,63.93,0,4,3,1,0.42,Pseudoalkaloids,Alkaloids,False,-8.082,-9.989,251481,0.09262235,6.8923345,-9.0355,37,0.21843243243243246,0.269972972972973,0.24420270270270272
CNP0118609.1,CN1CN2CCCN3CCCC(=N1)[C@H]32,194.28,0.37,22.08,0,4,0,0,0.56,Lysine alkaloids,Alkaloids,False,-5.297,-5.752,263966,2.0741563,4.714256,-5.5245,14,0.37835714285714284,0.41085714285714287,0.3946071428571428
CNP0257369.0,CC=C(C)C=CC=CC1C2CC2C2C3OC3CCN12,257.38,2.93,15.77,3,2,0,0,0.57,Lysine alkaloids,Alkaloids,False,-5.819,-7.203,264966,1.0419722,5.394082,-6.511,19,0.30626315789473685,0.3791052631578948,0.3426842105263158
CNP0258607.1,CC(C)C1=NC=CC(C[C@@H]2[C@@H](CO)[C@H](O)C[C@H]2NCCC(C)(C)C)=N1,349.52,2.53,78.27,7,5,3,0,0.7,Nicotinic acid alkaloids,Alkaloids,False,-5.656,-7.315,266298,3.5017092,5.660967,-6.4855,25,0.22624,0.2926,0.25942
CNP0113834.1,CC#CCN1C=C2C[C@@H](C(=O)NCC3=CC=CS3)N[C@@H](CC(C)C)C3=C2C1=CC=C3,419.59,4.64,46.06,6,4,2,0,0.57,Tryptophan alkaloids,Alkaloids,False,-6.945,-9.147,104292,3.1518934,6.1260633,-8.046,30,0.2315,0.3049,0.2682
CNP0190805.1,C[C@H]1C[C@H]2O[C@]23[C@@H](C)[C@H]2[C@H](C[C@H]4[C@@H]5CCC6=CC(=O)C=C[C@]6(C)C5=CC[C@]24C)N3C1,405.58,4.9,32.84,0,3,0,0,0.42,Pseudoalkaloids,Alkaloids,False,-6.924,-10.27,157537,-0.2792132,6.784225,-8.597,30,0.2308,0.3423333333333333,0.28656666666666664
CNP0285228.1,CC1=C[C@H]2[C@@H]([C@@H](C3=C(CCN(C)C)C4=CC=CC=C4N3)[C@]34CCN(C)[C@]23NC2=CC=CC=C24)C(C)(C)C1,494.73,6.37,34.3,4,3,2,1,0.41,Tryptophan alkaloids,Alkaloids,False,-7.301,-9.428,231582,4.212414,7.7182837,-8.3645,37,0.19732432432432434,0.2548108108108108,0.22606756756756757
CNP0286847.2,C=C1C[C@H](O)[C@@H]2C(C)(C)[C@H](Cl)[C@@H](Cl)C[C@@]2(C)[C@@H]1C[C@@H](O)[C@@H]1CC(=O)NC1=O,418.36,2.6,86.63,3,4,3,0,0.37,Diterpenoids,Terpenoids,False,-6.373,-9.164,27976,-0.050727144,6.397615,-7.7684999999999995,27,0.23603703703703705,0.3394074074074074,0.2877222222222222
CNP0262288.1,C=C1C[C@]23C[C@@]1(O)CC[C@H]2C1=CC2=C(OC=C2C(=O)O)C(C)=C1[C@@H]3C(=O)O,368.39,3.57,107.97,2,4,3,0,0.7,Diterpenoids,Terpenoids,False,-7.048,-8.511,75390,0.79855424,7.025832,-7.7795,27,0.261037037037037,0.3152222222222222,0.2881296296296296
CNP0071334.1,CC(C)C1=C[C@H]2C[C@]3(C(=O)O)[C@@H]4CC[C@@H](C)[C@H]4C[C@@]2(CO)[C@]13C(=O)O,348.44,2.79,94.83,4,3,3,0,0.68,Diterpenoids,Terpenoids,False,-4.763,-7.361,96168,0.19422539,6.115933,-6.061999999999999,25,0.19052,0.29444,0.24247999999999997
CNP0416314.1,C=C(C)[C@@H](CC=C(C)C)C[C@@H]1[C@H](O)[C@@H](CC=C(C)C)[C@H](O)[C@H]2C(=O)[C@H](O)[C@@H](C3=CC=C(O)C=C3O)O[C@@H]12,514.66,4.35,127.45,8,7,5,1,0.33,Meroterpenoids,Terpenoids,False,-6.647,-7.872,67880,2.0366917,7.039819,-7.2595,37,0.17964864864864866,0.21275675675675676,0.1962027027027027
CNP0334842.0,COC1=CC=CC=C1N1CCN(CCCNC2=CC(=O)N(C)C(=O)N2C)CC1,387.48,0.72,71.74,7,8,1,0,0.71,Tryptophan alkaloids,Alkaloids,False,-5.909,-7.724,156784,3.132109,7.2978697,-6.8165,28,0.21103571428571427,0.27585714285714286,0.24344642857142856
CNP0531900.0,CC1CC2(CC(C)C3C(CC4(C)C5CCC6C(C)(C)OCC(=O)C7OOC(CC34C)C5CC76O)O2)OC1=O,532.67,3.97,100.52,0,8,1,1,0.37,Triterpenoids,Terpenoids,False,-8.303,-10.12,224183,-0.12720047,7.0527663,-9.211500000000001,38,0.21850000000000003,0.2663157894736842,0.2424078947368421
CNP0461824.1,CC[C@@]1(O)C(=O)OCC2=C(O)N3CC4=CC5=C(CN(C)C)C(=O)C=CC5=NC4=C3C=C21,421.45,-0.28,103.2,3,8,2,0,0.64,Tryptophan alkaloids,Alkaloids,False,-6.616,-9.021,239892,3.0409677,6.4940486,-7.8185,31,0.21341935483870966,0.29100000000000004,0.25220967741935485
CNP0515354.1,O=C([O-])C1=CC=C[N+]([C@@H]2O[C@H](COP(=O)(O)O)[C@@H](O)[C@H]2O)=C1,335.2,-2.93,160.46,5,7,4,0,0.33,Nicotinic acid alkaloids,Alkaloids,False,-5.586,-7.144,41891,3.9129784,6.5418897,-6.365,22,0.2539090909090909,0.32472727272727275,0.2893181818181818
CNP0511550.1,C=C(C)C1=C(O)C2=C(C(O)=C1OC)[C@@]1(C)CCC(=O)C(C)(C)C1=C(O)C2=O,372.42,3.79,104.06,2,6,3,0,0.68,Diterpenoids,Terpenoids,False,-6.403,-8.228,51261,1.5639777,7.7322693,-7.3155,27,0.23714814814814814,0.30474074074074076,0.27094444444444443
CNP0306676.1,COC1=C2[C@@H]3CC4=CC(OC)=C(O)C=C4[C@]2(CCN3)C[C@H](O)[C@@H]1O,333.38,0.58,91.18,2,6,4,0,0.63,Tyrosine alkaloids,Alkaloids,False,-5.667,-7.881,83751,2.706981,7.864636,-6.774,24,0.236125,0.32837500000000003,0.28225
CNP0556220.1,CC1=C(CC2=CC=CC=C2)N=NC(N2CCN(C3=CN=C(C(C)(C)O)C=N3)[C@H](C)C2)=C1C,432.57,3.42,78.27,5,7,1,0,0.66,Tetramate alkaloids,Alkaloids,False,-7.118,-9.349,156910,3.7137015,6.453741,-8.2335,32,0.2224375,0.29215625,0.257296875
CNP0501212.0,CC1=NC=CN1C1=CC(N2CCC3(CC2)OCCO3)=NC2=CC=NN12,340.39,1.57,69.71,2,8,0,0,0.71,Tryptophan alkaloids,Alkaloids,False,-6.869,-8.97,105825,3.6931756,5.9448137,-7.9195,25,0.27476,0.3588,0.31678
CNP0481338.0,CCC1=C(C)NC(=O)C(N(C)CCOC)=C1CC1=CC=CC(C)=C1,328.46,3.23,45.33,7,3,1,0,0.85,Tryptophan alkaloids,Alkaloids,False,-6.228,-7.218,142558,3.9410841,5.9329286,-6.723,24,0.2595,0.30075,0.280125
CNP0571460.1,[C-]#[N+]C(C)(C)[C@@H]1CC[C@](C)([C@H]2CC[C@@](C)(N=C=S)[C@H]3CC[C@](C)([N+]#[C-])[C@@H](O)[C@@H]32)O1,415.6,4.96,50.54,3,4,1,0,0.4,Diterpenoids,Terpenoids,False,-5.195,-7.478,209844,-0.28559998,6.15426,-6.3365,29,0.17913793103448278,0.2578620689655172,0.2185
CNP0589762.1,C/C=C1/C(O)OC=C2C(=O)OC3CC(C(C)C)C(COC(=O)CC21)C3C,364.44,2.57,82.06,1,6,1,0,0.57,Monoterpenoids,Terpenoids,False,-6.74,-9.373,230250,0.54462415,5.8516335,-8.0565,26,0.25923076923076926,0.3605,0.3098653846153846
CNP0183457.0,COC1=CC=CC2=C1NC=C2C(C#N)(SC)SC,278.4,3.58,48.81,4,4,1,0,0.87,Tryptophan alkaloids,Alkaloids,False,-5.151,-6.29,93028,3.2806592,7.8072286,-5.7204999999999995,18,0.2861666666666667,0.34944444444444445,0.31780555555555556
CNP0313806.1,CC1=COC2=C1[C@@H](OC(=O)C(C)C)[C@@]1(C)[C@@H](C)C=C[C@@H]3O[C@@]31C2=O,330.38,3.37,69.04,2,5,0,0,0.47,Sesquiterpenoids,Terpenoids,False,-5.779,-8.058,119951,0.9369161,7.0014167,-6.9185,24,0.24079166666666665,0.33575,0.2882708333333333
CNP0444707.0,CC1(C)CCC=C(C2=CC=C(C(=O)O)CC2)C1,232.32,3.85,37.3,2,1,1,0,0.78,Sesquiterpenoids,Terpenoids,False,-6.12,-7.717,132882,0.18743362,6.104663,-6.9185,17,0.36,0.45394117647058824,0.4069705882352941
CNP0586031.1,CC[C@@]12CC(C(=O)OC)=C3NC4=CC(OC)=C(OOC)C=C4[C@@]34CCN(C[C@@H]3O[C@@H]31)[C@@H]24,428.49,2.38,81.79,5,8,1,0,0.33,Tryptophan alkaloids,Alkaloids,False,-5.913,-8.585,161306,2.8584018,7.900115,-7.2490000000000006,31,0.19074193548387097,0.2769354838709678,0.23383870967741938
CNP0573009.0,CC(C)(O)CCCCCC(=O)C1=CN=C(N)N1,239.32,1.9,92.0,7,4,3,0,0.5,Histidine alkaloids,Alkaloids,False,-5.349,-6.299,238335,3.1845856,4.326793,-5.824,17,0.31464705882352945,0.3705294117647059,0.34258823529411764
CNP0328423.1,O=C1O[C@@H]2[C@H]3[C@H](CO)CC[C@H]3[C@]3(CC[C@H]2[C@@]1(O)CO)CO3,298.33,-0.55,99.52,2,6,3,0,0.47,Sesquiterpenoids,Terpenoids,False,-5.751,-7.095,96709,0.47939968,6.4051795,-6.423,21,0.27385714285714285,0.33785714285714286,0.3058571428571428
CNP0211949.1,CC(C)=C(C)C1=CC(C/C(O)=C(\C)C(=O)C(C)C)=CC(C(C)C)=C1,328.5,6.22,37.3,6,2,1,1,0.5,Monoterpenoids,Terpenoids,False,-6.184,-8.379,164432,3.246801,4.77975,-7.281499999999999,24,0.25766666666666665,0.34912499999999996,0.3033958333333333
CNP0428852.0,C=C1C=C(C)C2=CC3=C(NC(=O)C=C3C)C(O)=C2N1C,268.32,2.91,56.33,0,3,2,0,0.77,Tryptophan alkaloids,Alkaloids,False,-6.481,-8.414,214603,4.2344556,5.3171477,-7.4475,20,0.32405,0.42069999999999996,0.372375
CNP0213225.1,ClC1=CC=C2C(=N1)O[C@@]13CC[C@@H]1NC[C@@H]23,222.67,1.72,34.15,0,3,1,0,0.68,Nicotinic acid alkaloids,Alkaloids,False,-5.782,-6.632,219556,3.562357,7.0283895,-6.207,15,0.3854666666666667,0.4421333333333333,0.4138
CNP0491966.1,COC(=O)[C@H]1C(=O)CC(C)(C)C2=C3O[C@@]45COC=C4[C@H]4C=C(O)[C@@H]6C(=CC=C[C@@H]6C(=O)OC)[C@H]4O[C@H]5C3=CC(O)=C21,562.57,3.36,137.82,2,10,2,1,0.41,Meroterpenoids,Terpenoids,False,-7.794,-7.955,216691,1.1931182,7.551831,-7.874499999999999,41,0.19009756097560976,0.19402439024390244,0.1920609756097561
CNP0360209.0,O=C1C=CC(=C(C2=CC=C(O)C=C2)C2=CC=CC=C2S(=O)(=O)OC2=CC=CC=C2)C=C1,430.48,4.66,80.67,5,5,1,0,0.6,Flavonoids,Flavonoids,False,-7.171,-9.847,37316,4.3565245,6.934433,-8.509,31,0.23132258064516129,0.31764516129032255,0.2744838709677419
CNP0325789.1,C/C(C=O)=C\C=C\[C@]1(C)C=CC2=CC(O)=CC=C2O1,256.3,3.26,46.53,3,3,1,0,0.51,Meroterpenoids,Terpenoids,False,-6.502,-7.616,63538,2.020348,7.275827,-7.058999999999999,19,0.34221052631578947,0.4008421052631579,0.3715263157894737
CNP0033628.0,CN(C)CCSC1=CC2=NC3=CC=C(O)C=C3C3=C2C(=NCC3)C(O)=C1,367.47,3.38,68.95,4,6,2,0,0.87,Tyrosine alkaloids,Alkaloids,False,-6.421,-7.998,123373,3.5698621,5.810192,-7.2095,26,0.24696153846153848,0.3076153846153846,0.27728846153846154
CNP0308481.1,CC1(C)C[C@@H](O)C[C@]2(C)[C@@H]1[C@H](O)C[C@@]13C[C@@H](CC[C@H]12)[C@H](O)C3,308.46,2.72,60.69,0,3,3,0,0.64,Diterpenoids,Terpenoids,False,-5.934,-7.572,169115,-0.62889785,6.2842126,-6.753,22,0.26972727272727276,0.3441818181818182,0.3069545454545455
CNP0002810.0,CCC(C)C1N=C(C)C(C)S1,171.31,2.95,12.36,2,2,0,0,0.62,Monoterpenoids,Terpenoids,False,-4.588,-5.047,3370,1.4826727,4.135768,-4.8175,11,0.4170909090909091,0.4588181818181818,0.4379545454545455
CNP0048666.3,CC1=C(C2=CC=CC=C2)C2=CC=CC3=C2N1[C@H](C)[C@@H]3C,261.37,5.29,4.93,1,1,0,1,0.56,Tryptophan alkaloids,Alkaloids,False,-6.939,-8.917,4083,4.8782325,7.328573,-7.928,20,0.34695,0.44584999999999997,0.3964
CNP0354631.2,CN[C@H](C(=O)O[C@@H]1CC[C@@](C)(/C=C/C2=CC=C3NC(=O)[C@@H](OC)[C@](O)(C4=CC=CC=C4)C3=C2O)C[C@@H]1C)C(C)C,550.7,4.59,117.12,8,7,4,1,0.36,Tryptophan alkaloids,Alkaloids,False,-7.042,-8.85,5720,1.5084774,7.560397,-7.946,40,0.17604999999999998,0.22125,0.19865
CNP0010697.1,CCCC1=NN=C([C@H]2CCN(C3CCN(C)CC3)C2)O1,278.4,1.91,45.4,4,5,0,0,0.84,Lysine alkaloids,Alkaloids,False,-5.821,-7.414,10959,1.5480725,4.956978,-6.6175,20,0.29105,0.3707,0.330875
CNP0382681.1,CC1=CC[C@]2(C(C)=CC=C(Br)C2(C)C)[C@@H](O)C1,297.24,4.34,20.23,0,1,1,0,0.66,Sesquiterpenoids,Terpenoids,False,-4.697,-7.619,19487,0.17655048,6.000601,-6.1579999999999995,17,0.2762941176470588,0.4481764705882353,0.36223529411764704
CNP0569949.1,CCN1C2=CC=CC=C2C2=CC(/C=C/C34N=C(O)CCN3C3=CC=CC=C3C4(C)C)=CC=C21,435.57,6.68,40.76,3,3,1,1,0.39,Tryptophan alkaloids,Alkaloids,False,-8.051,-10.67,126824,4.1975765,7.511524,-9.3605,33,0.24396969696969698,0.3233333333333333,0.28365151515151515
CNP0269120.1,CC1=C2C[C@H](C(C)(C)O)CC[C@@]2(C)CC/C1=N\N1CCCCCC1,332.53,4.91,35.83,2,3,1,0,0.78,Sesquiterpenoids,Terpenoids,False,-6.751,-8.843,227521,0.98031723,5.132463,-7.797000000000001,24,0.28129166666666666,0.36845833333333333,0.324875
CNP0541308.0,O=[N+]([O-])C1=CC=CC=C1C[N+]1=CC=CC=C1C1=CC=CC=N1,292.32,2.99,59.91,4,3,0,0,0.42,Nicotinic acid alkaloids,Alkaloids,False,-6.15,-8.16,260811,5.1702995,6.488907,-7.155,22,0.27954545454545454,0.3709090909090909,0.3252272727272727
CNP0099605.1,C[C@]1([C@H](O)CO)[C@H]2CC[C@@]3(C)[C@]45CC[C@@H]6CC[C@]78CCC#C[C@H](O)[C@@](CC7)([C@@H](O)C4)C6(C8)C5=CC(=O)[C@@]34CC[C@H](C[C@@]24C)[C@@H]1O,618.86,4.69,118.22,2,6,5,1,0.29,Diterpenoids,Terpenoids,False,-6.942,-7.853,128419,-0.18520711,6.6523447,-7.3975,45,0.15426666666666666,0.17451111111111112,0.1643888888888889
CNP0344800.1,CC(=O)OC(C)(C)/C=C/C(=O)[C@](C)(O)[C@H]1[C@H](O)C[C@@]2(C)[C@@H]3[C@@H](O)C=C4[C@@H](C[C@H](O)C(=O)C4(C)C)[C@]3(C)C(=O)C[C@]12C,574.71,2.47,158.43,5,9,4,1,0.22,Triterpenoids,Terpenoids,False,-6.88,-9.334,265505,0.36214116,6.592299,-8.107,41,0.1678048780487805,0.22765853658536583,0.19773170731707318
CNP0440027.1,C[C@H](N)/C=N/C1=CC=C(CC2=CC=C(/N=C/C(N)N)C=C2)C=C1,309.42,2.27,102.78,6,5,3,0,0.56,Nicotinic acid alkaloids,Alkaloids,False,-6.031,-7.736,149472,3.4884114,5.0233264,-6.8835,23,0.2622173913043478,0.3363478260869565,0.29928260869565215
CNP0316701.0,CCC1=CC(CC2=CC(CC)=CC(C(C)(C)C)=C2O)=C(O)C(C(C)(C)C)=C1,368.56,6.41,40.46,4,2,2,1,0.65,Flavonoids,Flavonoids,False,-6.871,-8.182,232964,3.5983338,4.997117,-7.5265,27,0.2544814814814815,0.30303703703703705,0.27875925925925926
CNP0287953.1,C=C[C@@]1(C)[C@H](Cl)C[C@H]2C(=C3C(=O)NC4=CC=CC(=C34)C2(C)C)[C@H]1C#N,352.87,4.64,52.89,1,2,1,0,0.59,Tryptophan alkaloids,Alkaloids,False,-6.286,-7.974,143707,4.1832867,7.699145,-7.13,25,0.25144,0.31896,0.2852
CNP0494509.0,CC(=O)NC1=C2N=C[NH+](C(C)=O)C2=NC(=O)[NH+]1C,251.25,-3.19,96.84,1,4,3,0,0.46,Peptide alkaloids,Alkaloids,False,-5.619,-6.576,2286,4.2977357,4.12698,-6.0975,18,0.31216666666666665,0.3653333333333333,0.33875
CNP0290200.1,C[C@@H](O)C[C@H]1O[C@@H]1/C=C/C=C/C1=CC2=C(Cl)C(O)=CC(O)=C2C(=O)O1,364.78,2.97,103.43,5,6,3,0,0.56,Coumarins,Phenolics,False,-6.765,-8.151,3492,2.2204835,7.2081456,-7.458,25,0.2706,0.32604,0.29832000000000003
CNP0203720.7,CC1C/C(=C\CC(CC(N)=O)CC(=O)O)C(=O)C(C)C1,281.35,1.9,97.46,6,3,2,0,0.73,Peptide alkaloids,Alkaloids,False,-5.655,-6.79,20358,2.065553,5.763367,-6.2225,20,0.28275,0.3395,0.311125
CNP0340804.1,COC(C)(C)CCC[C@H](C)C/C=C/C(C)=C/C(=O)OC(C)C,310.48,5.06,35.53,10,3,0,1,0.32,Sesquiterpenoids,Terpenoids,False,-4.79,-6.832,31095,2.6630785,3.9265003,-5.811,22,0.21772727272727274,0.3105454545454545,0.2641363636363636
CNP0563770.0,COC1=CC(C)=CC2=[N+]3CCCCN3C=C12,217.29,2.04,18.04,1,2,0,0,0.67,Lysine alkaloids,Alkaloids,False,-5.641,-6.735,234311,3.377331,7.851089,-6.188000000000001,16,0.3525625,0.4209375,0.38675000000000004
CNP0368255.0,COOC1=CC2C(C)C2C1,140.18,1.73,18.46,2,2,0,0,0.43,Monoterpenoids,Terpenoids,False,-4.362,-4.832,237219,0.7558323,5.0652966,-4.5969999999999995,10,0.43620000000000003,0.48319999999999996,0.4597
CNP0556728.0,CC(=O)N1CCC2(CC1)OC(=O)C(C)=C2C(=O)NCCN(CC(C)C)CC(C)C,407.56,1.97,78.95,8,5,1,0,0.62,Ornithine alkaloids,Alkaloids,False,-5.537,-7.658,8671,1.8525991,5.864169,-6.5975,29,0.1909310344827586,0.2640689655172414,0.2275
CNP0568961.0,C[N+]1(C)CCC2=CNC3=C2C1=C(OS(=O)O)C=C3,267.33,1.81,62.32,2,2,2,0,0.64,Tryptophan alkaloids,Alkaloids,False,-5.768,-6.917,29393,3.2267342,7.2095666,-6.342499999999999,18,0.3204444444444444,0.3842777777777778,0.3523611111111111
CNP0334448.1,C[C@](O)(CO)C1=CC2=C3O[C@H]4C5=CC=C(O)C=C5OC[C@H]4C3=CC=C2O1,354.36,2.95,92.29,2,6,3,0,0.66,Isoflavonoids,Flavonoids,False,-7.06,-9.389,100088,2.5875525,7.3387656,-8.224499999999999,26,0.2715384615384615,0.3611153846153846,0.31632692307692306
CNP0609092.1,CC[C@H](NC1=NC=NC2=C1NC=N2)C1=NC2=CC=CC(F)=C2C(=O)N1C1=CC=CC=C1,415.43,3.75,101.38,5,7,2,0,0.45,Anthranilic acid alkaloids,Alkaloids,False,-7.191,-9.058,119669,4.521898,6.5682154,-8.1245,31,0.23196774193548386,0.29219354838709677,0.2620806451612903
CNP0122260.0,C=CC(CO)C(CCO)CC1=NC=CC2=C1NC1=CC=C(O)C=C12,326.4,2.76,89.37,7,4,4,0,0.5,Tryptophan alkaloids,Alkaloids,False,-5.858,-7.599,144560,3.7657766,5.56978,-6.7285,24,0.24408333333333332,0.316625,0.2803541666666667
CNP0499309.0,N#CC1=CC=C(C(=O)N2CC3(CC(=O)N(CC4CC4)O3)C2)C=C1,311.34,1.33,73.64,3,4,0,0,0.84,Lysine alkaloids,Alkaloids,False,-5.825,-7.491,243741,1.1457336,5.473917,-6.6579999999999995,23,0.2532608695652174,0.32569565217391305,0.2894782608695652
CNP0015312.1,CC1=CC=C2C(=C1)N=C1COC[C@H](CN(CC3=CN(C)N=C3)CC3=CN(C)N=C3)N12,405.51,2.59,65.93,6,8,0,0,0.49,Tryptophan alkaloids,Alkaloids,False,-6.7,-8.1,250894,3.9468033,5.907715,-7.4,30,0.22333333333333333,0.26999999999999996,0.24666666666666665
CNP0293150.1,C/C(=C\C1=CSC(C)=N1)[C@@H](O)C/C=C\CCC[C@H](C)[C@H](O)[C@@H](C)C(=O)C(C)C,407.62,5.19,70.42,12,5,2,1,0.37,Serine alkaloids,Alkaloids,False,-5.512,-7.47,1381,2.85393,4.33616,-6.491,28,0.19685714285714284,0.2667857142857143,0.23182142857142857
CNP0482120.0,O=C1C=COO1,86.05,0.23,43.35,0,3,0,0,0.42,Coumarins,Phenolics,False,-3.204,-3.574,1704,4.936062,5.3312736,-3.3890000000000002,6,0.534,0.5956666666666667,0.5648333333333333
CNP0374284.1,O=C1NC(=O)[C@H]2[C@@H]1[C@@H](C(=O)C1=CC=CC=C1)N1C=CC3=CC=CC=C3[C@H]21,344.37,2.17,66.48,2,4,1,0,0.67,Peptide alkaloids,Alkaloids,False,-7.595,-8.991,42294,4.4676485,7.46385,-8.293,26,0.2921153846153846,0.3458076923076923,0.31896153846153846
CNP0562598.1,CC1(C)O[C@H]2CC(=O)OC[C@@]23[C@@H]1C(=O)[C@@H](O)[C@]1(C)[C@@H]3CC[C@@]2(C)[C@H](C3=CC[O+]=C3CCC3CCC(C4=NC=NC4)CC3)OC(=O)[C@H]3O[C@@]312,663.79,3.26,147.68,5,10,1,1,0.27,Triterpenoids,Terpenoids,False,-6.935,-10.52,67950,-0.022190297,7.409255,-8.7275,48,0.14447916666666666,0.21916666666666665,0.18182291666666667
CNP0145902.1,CCN/C=C1/CCCCC1=O,153.22,1.62,29.1,2,2,1,0,0.61,Monoterpenoids,Terpenoids,False,-4.715,-5.33,82021,1.7065928,4.9013195,-5.0225,11,0.42863636363636365,0.48454545454545456,0.4565909090909091
CNP0609015.1,N=C1CC23[C@@H](N1)[C@@H](CC(O)(O)NS(=O)(=O)O)N(O)C(=N)N2N=CC3(O)O,395.35,-4.52,246.12,4,10,10,1,0.16,Guanidine alkaloids,Alkaloids,False,-6.119,-7.615,116967,3.539932,3.8590956,-6.867,26,0.23534615384615384,0.2928846153846154,0.26411538461538464
CNP0349605.0,O=C1C=CC2=C1NC=NN2,135.13,-0.18,61.54,0,2,2,0,0.53,Anthranilic acid alkaloids,Alkaloids,False,-4.755,-5.0,157259,5.1861672,4.8956604,-4.8774999999999995,10,0.4755,0.5,0.48775
CNP0085480.0,C1=CC2=CC3=NC(=CC4=CC=C(C=C5CCC(=N5)C=C1N2)N4)CC3,314.39,3.89,57.36,0,2,2,0,0.66,Tryptophan alkaloids,Alkaloids,False,-6.817,-7.56,263206,4.9917874,5.291218,-7.1884999999999994,24,0.2840416666666667,0.315,0.29952083333333335
CNP0389872.0,NC1=CN=C2ON=CC=C21,135.13,0.76,64.94,0,4,1,0,0.58,Nicotinic acid alkaloids,Alkaloids,False,-4.554,-4.854,263909,5.486927,5.230152,-4.704000000000001,10,0.4554,0.4854,0.47040000000000004
CNP0455382.1,CCCCC[C@@H]1OC=C2[C@H]3OC(C)(C)[C@H](O)C[C@]34O[C@@H]4C(=O)[C@@]23CC2=C(C[C@@H]13)C1=C(C=O)C(O)=C(C)C(O)=C1C(=O)O2,580.63,3.54,156.03,5,10,3,1,0.27,Chromanes,Phenolics,False,-7.668,-8.221,220961,0.5296611,7.460506,-7.9445,42,0.18257142857142858,0.19573809523809524,0.1891547619047619
CNP0526504.1,CC1=C2C(=CO[C@H](C)[C@H]2C)C(=O)C([C@H](C)C2=C(O)C(C)=C3C(=C2O)C(=O)O[C@H](C)[C@H]3C)=C1O,454.52,4.82,113.29,2,7,3,0,0.55,Coumarins,Phenolics,False,-8.578,-9.529,31627,0.68416107,6.2568316,-9.0535,33,0.2599393939393939,0.28875757575757577,0.27434848484848484
CNP0347140.1,C[C@@H]1C(=O)O[C@@H]2CC(=O)N3C=CC(=C23)COC(=O)[C@]2(C)CCOC(=O)[C@]2(C)[C@@H]1C,403.43,2.4,100.9,0,8,0,0,0.48,Ornithine alkaloids,Alkaloids,False,-6.75,-8.0,78886,0.013501994,7.472984,-7.375,29,0.23275862068965517,0.27586206896551724,0.2543103448275862
CNP0503975.1,C[C@H](O)[C@H](O)[C@H]1CN=C2NC(=N)NC(N)=C2N1,240.27,-2.65,138.78,2,6,7,1,0.28,Histidine alkaloids,Alkaloids,False,-6.066,-6.818,14861,3.771077,3.777457,-6.442,17,0.3568235294117647,0.40105882352941175,0.3789411764705882
CNP0320904.1,CCC(=O)OC(C(=O)OC[C@H]1CCN2CC[C@H](O)[C@H]12)=C(C)C,311.38,1.23,76.07,5,6,1,0,0.47,Ornithine alkaloids,Alkaloids,False,-5.256,-6.469,32308,1.0062065,4.7126465,-5.862500000000001,22,0.23890909090909093,0.29404545454545455,0.26647727272727273
CNP0248062.1,C[C@@H]1C[C@@H]2CCCC34CCCC(C1)(N23)[C@]1(O)C[C@@H]2CCC(=O)C3=CC=C(C=C1C4)N32,406.57,4.87,45.47,0,4,1,0,0.67,Lysine alkaloids,Alkaloids,False,-6.723,-10.79,83720,0.105300196,7.218063,-8.756499999999999,30,0.2241,0.35966666666666663,0.29188333333333333
CNP0517048.1,COC[C@@H]1[C@@H](C2=CC=C(Cl)C(Cl)=C2)C[C@@H]2CC[C@H]1N2C,314.26,4.21,12.47,3,2,0,0,0.83,Ornithine alkaloids,Alkaloids,False,-5.862,-7.222,106606,3.2424664,6.202941,-6.542,20,0.2931,0.36110000000000003,0.32710000000000006
CNP0262669.2,CO[C@]12C[C@@H]3O[C@](C)([C@H]1O)[C@@]1(O2)[C@H](C)O[C@H](O)C[C@@]31OC,302.32,-0.47,86.61,2,7,2,0,0.71,Sesquiterpenoids,Terpenoids,False,-4.868,-7.377,117882,-0.5629369,6.464127,-6.1225000000000005,21,0.23180952380952383,0.35128571428571426,0.29154761904761906
CNP0337896.0,C=NN1C=C2C=NC=C2O1,135.13,1.04,43.32,1,4,0,0,0.55,Nicotinic acid alkaloids,Alkaloids,False,-4.084,-4.486,203159,5.435373,5.0450997,-4.285,10,0.4084,0.4486,0.4285
CNP0580055.0,CCN1C(C(=O)N(C2CC2)C2CC2)=CC2=C3C(=C(NC4=NN(C)C(C)=C4)N=C21)N=CN3C,432.53,3.5,85.8,6,8,1,0,0.5,Tryptophan alkaloids,Alkaloids,False,-6.222,-8.29,214089,4.0338798,5.831175,-7.256,32,0.1944375,0.2590625,0.22675
CNP0232675.1,CC(C)=C1CCC(C)=C(C)[C@@H]1[C@H](O)/C=C(\C)[C@H]1CC[C@@](C)(O)[C@@H](Br)C1,411.42,5.69,40.46,3,2,2,1,0.46,Diterpenoids,Terpenoids,False,-6.147,-8.872,246811,0.21863893,6.0660467,-7.5095,25,0.24588000000000002,0.35488,0.30038
CNP0559900.1,CC(C)(C)N/C(=N/C1=CC=CC(/C(=C\CCCC(=O)O)C2=CC=CN=C2)=C1)NC#N,405.5,4.21,110.4,7,4,3,0,0.21,Nicotinic acid alkaloids,Alkaloids,False,-6.06,-8.534,256344,4.827707,5.696862,-7.297000000000001,30,0.20199999999999999,0.2844666666666667,0.24323333333333336
CNP0169744.0,C=C1CC2(CNC(=O)C3=CC=CC4=NC(C(=O)NCCC5=CC=NC=C5)=CN34)CC3CC3(C)C1C2,469.59,3.81,88.39,7,5,2,0,0.52,Nicotinic acid alkaloids,Alkaloids,False,-7.928,-9.986,184819,3.6236033,6.2165465,-8.957,35,0.22651428571428572,0.28531428571428574,0.25591428571428576
CNP0253847.1,CC1=C2OCOC2=C2C3=C1[C@@H]([C@@H]1OC1(C)C)C[C@H](C)[C@H]3CC[C@H]2C,328.45,5.01,30.99,1,3,0,1,0.68,Diterpenoids,Terpenoids,False,-6.912,-8.902,17746,-0.11474862,5.798709,-7.907,24,0.288,0.3709166666666666,0.3294583333333333
CNP0152000.1,CC(=O)C1=CC([C@@H](O)[C@H](O)C(C)(C)O)=C2OC(C(C)(C)O)=CC2=C1,336.38,2.03,111.13,5,6,4,0,0.62,Meroterpenoids,Terpenoids,False,-5.8,-7.498,110320,3.0941286,4.794847,-6.649,24,0.24166666666666667,0.3124166666666667,0.2770416666666667
CNP0203103.1,CC(C)(C)[C@@H]1C[C@@H](OCOCC[Si](C)(C)C)[C@](C)(CCO)C(O)O1,362.58,3.23,68.15,8,5,2,0,0.39,Monoterpenoids,Terpenoids,False,-4.687,-6.098,155477,0.08652333,5.2830396,-5.3925,24,0.19529166666666667,0.2540833333333333,0.22468749999999998
CNP0126871.0,CN(CCN)C(=O)OC(C)(C)C,174.24,0.81,55.56,2,3,1,0,0.67,Ornithine alkaloids,Alkaloids,False,-4.211,-4.613,156893,2.9164042,3.6538136,-4.412000000000001,12,0.3509166666666667,0.3844166666666667,0.3676666666666667
CNP0349253.0,O=C1N(CC2=CC=CC=C2)C2C[S+]3CCCC3C2N1CC1=CC=CC=C1,365.52,3.66,23.55,4,1,0,0,0.6,Ornithine alkaloids,Alkaloids,False,-6.448,-8.596,190504,3.57239,6.6203923,-7.522,26,0.24800000000000003,0.33061538461538464,0.2893076923076923
CNP0256628.1,CC/C=C1/OCCC2=C1[C@H]1O[C@@H](O)CC[C@H]3C(CC)(CC)CCC[C@]3(CC)[C@H]1CC2,416.65,6.91,38.69,4,3,1,1,0.54,Sesterterpenoids,Terpenoids,False,-5.48,-8.391,231752,-0.60499305,6.951396,-6.9355,30,0.18266666666666667,0.2797,0.23118333333333335
CNP0566318.1,CC[C@H](O)[C@@H]1CC=C[C@@H]2C/C(O)=N/CCCCNCCCN21,309.45,1.88,68.09,2,4,3,0,0.68,Ornithine alkaloids,Alkaloids,False,-5.417,-7.005,239389,2.5598736,5.6737,-6.211,22,0.2462272727272727,0.3184090909090909,0.2823181818181818
CNP0327918.1,C=C(C)C#CC1=CC(=O)[C@]2(C(=O)OC3=C(C#CC(=C)C)C=C(O)C(C=O)=C32)C1=O,386.36,1.95,97.74,1,6,1,0,0.26,Meroterpenoids,Terpenoids,False,-6.503,-8.116,96577,1.961646,7.186366,-7.3095,29,0.22424137931034482,0.27986206896551724,0.25205172413793103
CNP0535460.1,CC(C)(O)[C@]12O[C@H]1C[C@@H]1[C@@]3(C)CCC[C@@](C)(C(=O)O)[C@@H]3CC[C@@]13O[C@H]32,350.46,2.74,82.59,2,4,2,0,0.75,Diterpenoids,Terpenoids,False,-5.896,-8.959,18647,-0.7391564,6.240429,-7.4275,25,0.23584,0.35836,0.29710000000000003
CNP0513042.0,CC(=O)N(C)C1C2CN3C=CC(O2)C13,194.23,-0.19,32.78,1,3,0,0,0.58,Ornithine alkaloids,Alkaloids,False,-4.638,-5.234,52598,0.79542285,5.4614177,-4.936,14,0.3312857142857143,0.37385714285714283,0.35257142857142854
CNP0173635.1,COC(=O)C1=CNC(=O)[C@@H]2[C@@H](C)[C@@H](OC(=O)C3=CN=C(C)C4=CN=CC=C34)C[C@H]12,395.42,1.92,107.48,3,7,1,0,0.79,Nicotinic acid alkaloids,Alkaloids,False,-7.308,-8.143,58601,3.8959258,6.457787,-7.7255,29,0.252,0.2807931034482759,0.26639655172413795
CNP0071487.1,CC1=CC(=O)O[C@@]23CC(=O)O[C@@]12C[C@H]1C[C@H](O)[C@@]2(C)OC4=CC(=O)C(O)=CC(C)=C4C[C@H]2CC(C)(C)/C=C\C[C@]1(C)O3,580.67,4.18,128.59,0,9,2,1,0.34,Meroterpenoids,Terpenoids,False,-8.392,-8.448,115615,0.3225996,7.6050677,-8.42,42,0.1998095238095238,0.20114285714285715,0.20047619047619047
CNP0346284.1,O=C(NC1CCCCC1)N[C@@H]1C=C(C(=O)N[C@H]2CCCNC2=O)C[C@@H](O)[C@@H]1O,394.47,-0.57,139.79,4,5,6,1,0.38,Lysine alkaloids,Alkaloids,False,-6.681,-8.732,143541,2.717835,5.5759134,-7.7065,28,0.23860714285714285,0.31185714285714283,0.2752321428571428
CNP0213479.1,CC[C@@H]1C[C@H]2C[C@@]2(C)[C@@]1(C)CC/C=C(/C)CO,236.4,4.17,20.23,5,1,1,0,0.71,Sesquiterpenoids,Terpenoids,False,-4.942,-6.369,160970,0.053965837,5.9421678,-5.6555,17,0.2907058823529412,0.3746470588235294,0.3326764705882353
CNP0322207.1,COC1=C(C(C)C)C=C2C(=O)[C@H]3OC(=O)[C@@]4(C=CC(=O)C(C)(C)[C@H]34)C2=C1OC,384.43,2.97,78.9,3,6,0,0,0.75,Diterpenoids,Terpenoids,False,-6.226,-8.765,161787,1.0574279,7.410251,-7.4955,28,0.22235714285714286,0.3130357142857143,0.2676964285714286
CNP0523570.0,N=C1N=C(S)C2=C(NC=N2)N1,167.2,0.05,81.21,0,4,4,0,0.33,Pseudoalkaloids,Alkaloids,False,-4.847,-5.217,168878,4.892232,5.159139,-5.032,11,0.44063636363636366,0.47427272727272723,0.45745454545454545
CNP0309717.1,NC(=O)C1=C(N)[C@@H](O)[C@H](O)[C@@H](NC2=CC3=NC4=CC(CO)=CC=C4OC3=CC2=O)C1=O,426.39,-1.43,202.0,4,10,6,1,0.21,Anthranilic acid alkaloids,Alkaloids,False,-7.266,-9.001,247904,4.191039,6.8879385,-8.1335,31,0.23438709677419356,0.2903548387096774,0.26237096774193547
CNP0573565.0,COC1=C(C2=CSC(C3=CC=C4C=C(Cl)C=CC4=N3)=N2)N(C)C(C(=O)NCCO)=C([S+](C)[O-])C1=O,533.03,2.85,129.4,7,9,2,1,0.35,Tryptophan alkaloids,Alkaloids,False,-6.846,-8.22,70267,3.8557935,6.4153595,-7.533,35,0.1956,0.23485714285714288,0.21522857142857144
